Cloud Project,,Content Folder,,Category,,Store Project,
,,,,,,,
uelibrary/UE5_UIAndSound,,,,,,,
uelibrary/UE5_UIAndSound,,BallSportsAudioPack,,SoundFX,,Ball Sports - Sound Effects,http://www.unrealengine.com/marketplace/en-US/product/ball-sports-sound-effects
uelibrary/UE5_UIAndSound,,CartoonGamesSoundEffects,,SoundFX,,Cartoon Games - Sound Effects,http://www.unrealengine.com/marketplace/en-US/product/cartoon-games-sound-effects
uelibrary/UE5_UIAndSound,,CartoonSFX,,SoundFX,,Cartoon SFX,https://www.unrealengine.com/marketplace/en-US/product/cartoon-sfx
uelibrary/UE5_UIAndSound,,Casual_Happy_Cute_Music_Pack,,SoundFX,,Casual Happy & Cute Music Pack,https://www.unrealengine.com/marketplace/en-US/product/casual-happy-cute-music-pack
uelibrary/UE5_UIAndSound,,CraftResourcesIcons,,2D/UI/Textures,,Craft Resources Icons,http://www.unrealengine.com/marketplace/en-US/product/8aa54965c2f64b04810ec8d75cdf9c24
uelibrary/UE5_UIAndSound,,FarmAnimalSounds,,SoundFX,,Farm Animal Sounds???,
uelibrary/UE5_UIAndSound,,Footsteps_Sound_Effects_Pro,,SoundFX,,Footstep Sound Effects [PRO],https://www.unrealengine.com/marketplace/en-US/product/footstep-sound-effects-pro
uelibrary/UE5_UIAndSound,,GoreSoundsAudioPack,,SoundFX,,GoreSoundsAudioPack???,
uelibrary/UE5_UIAndSound,,HumanVocalizations,,SoundFX,,Human Vocalizations,http://www.unrealengine.com/marketplace/en-US/product/human-vocalizations
uelibrary/UE5_UIAndSound,,FantasyOrchestral,,Music,,Sound Phenomenon Fantasy Orchestra,http://www.unrealengine.com/marketplace/en-US/product/fantasy-orchestral-music
uelibrary/UE5_UIAndSound,,UIMaterialLab,,UI/Materials,,UI Material Lab,http://www.unrealengine.com/marketplace/en-US/product/ui-material-lab
uelibrary/UE5_UIAndSound,,UltimateRealismFootstepsCollection,,SoundFX,,UltimateRealism Footsteps Collection,https://www.unrealengine.com/marketplace/en-US/product/ultimaterealism-footsteps-collection
uelibrary/UE5_UIAndSound,,UltimateUISounds,,UI/Sound,,UltimateUI Sounds Collection,http://www.unrealengine.com/marketplace/en-US/product/ultimateui-sounds-collection
,,,,,,,
uelibrary/UE5_Anim,,,,,,,
uelibrary/UE5_Anim,,Bicycle_With_Animations,,Anim,,Bicycle With Animations,http://www.unrealengine.com/marketplace/en-US/product/bicycle-with-animations
uelibrary/UE5_Anim,,BossyEnemy,,Anim,,Bossy Enemy Animation Pack,http://www.unrealengine.com/marketplace/en-US/product/bossy-enemy-animation-pack
uelibrary/UE5_Anim,,CloseCombatAnimSet,,Anim,,Close Combat Animset,http://www.unrealengine.com/marketplace/en-US/product/close-combat-animset
uelibrary/UE5_Anim,,ControlRig,,Anim,,Control Rig Samples Pack,https://www.unrealengine.com/marketplace/en-US/product/control-rig-samples-pack
uelibrary/UE5_Anim,,MCO_Mocap_Basics,,Anim,,MCO Mocap Basics,http://www.unrealengine.com/marketplace/en-US/product/28fc3cc4332541e3b0037d67a65e5d6d
uelibrary/UE5_Anim,,MixamoAnimPack,,Anim,,Mixamo Animation Pack???,
uelibrary/UE5_Anim,,PoseAnimations,,Anim,,Strike A Pose - Animation Pack,http://www.unrealengine.com/marketplace/en-US/product/strike-a-pose-animation-pack
uelibrary/UE5_Anim,,BSP_ZombieAnims,,Anim,,Zombie Movement and Modular Interaction Animations,http://www.unrealengine.com/marketplace/en-US/product/zombie-animations-and-modular-interactions
,,,,,,,
uelibrary/UE5_ArchViz,,,,,,,
uelibrary/UE5_ArchViz,,ArchVizModern,,ArchViz,,ArchViz Interior,http://www.unrealengine.com/marketplace/en-US/product/archvis-interior-rendering
uelibrary/UE5_ArchViz,,ArchVizInteriorVol3,,ArchViz,,ArchVizInteriorVol3,https://www.unrealengine.com/marketplace/en-US/product/archviz-interior-vol-3
uelibrary/UE5_ArchViz,,MiniOutdoorSet,,ArchViz,,Design Connected: Mini Outdoor Set,http://www.unrealengine.com/marketplace/en-US/product/design-connected-mini-outdoor-set
uelibrary/UE5_ArchViz,,MedaFurniturePack,,ArchViz,,MEDA Furniture Pack,http://www.unrealengine.com/marketplace/en-US/product/meda-furniture-pack
uelibrary/UE5_ArchViz,,Mediterranean,,ArchViz,,Mediterranean Rustic Interior,http://www.unrealengine.com/marketplace/en-US/product/mediterranean-rustic-interior
uelibrary/UE5_ArchViz,,ModernHouse,,ArchViz,,Modern House,http://www.unrealengine.com/marketplace/en-US/product/modern-house
uelibrary/UE5_ArchViz,,OfficeScene,,ArchViz,,Office Scene,http://www.unrealengine.com/marketplace/en-US/product/office-scene
uelibrary/UE5_ArchViz,,Scanlabz_Interiors_1,,ArchViz,,Scanlabz Interior Volume 1,http://www.unrealengine.com/marketplace/en-US/product/scanlabz-interiors-volume
,,,,,,,
uelibrary/UE5_BPAndVFX,,,,,,,
uelibrary/UE5_BPAndVFX,,Advanced_AI_SpawnSystem,,BP/VFX,,Advanced AI Spawn System,http://www.unrealengine.com/marketplace/en-US/product/ai-spawn-system-01
uelibrary/UE5_BPAndVFX,,AdvancedGlassPack,,BP/VFX,,Advanced Glass Material Pack,http://www.unrealengine.com/marketplace/en-US/product/advanced-glass-material-pack
uelibrary/UE5_BPAndVFX,,ArtOfShader,,BP/VFX,,Art of Shader - Film And Special Effects,http://www.unrealengine.com/marketplace/en-US/product/art-of-shader-film-and-special-effects
uelibrary/UE5_BPAndVFX,,BlinkAndDashVFX,,BP/VFX,,Blink and Dash VFX,http://www.unrealengine.com/marketplace/en-US/product/blink-and-dash-vfx
uelibrary/UE5_BPAndVFX,,BlueprintExamplesUE4,,BP/VFX,,Blueprints,https://www.unrealengine.com/marketplace/en-US/product/blueprints
uelibrary/UE5_BPAndVFX,,CartoonWaterShader,,BP/VFX,,Cartoon Water Shader,https://www.unrealengine.com/marketplace/en-US/product/cartoon-water-shader
uelibrary/UE5_BPAndVFX,,Character_Appearance_Dissolve,,BP/VFX,,Character Appearance and Dissolve,http://www.unrealengine.com/marketplace/en-US/product/character-appearance-and-dissolve
uelibrary/UE5_BPAndVFX,,CharacterBodyFX,,BP/VFX,,Character Body FX Vol. 1,http://www.unrealengine.com/marketplace/en-US/product/character-body-fx
uelibrary/UE5_BPAndVFX,,CloudscapeSeasons,,BP/VFX,,Cloudscape Seasons,http://www.unrealengine.com/marketplace/en-US/product/cloudscape-seasons
uelibrary/UE5_BPAndVFX,,BlueprintExamplesUE5,,BP/VFX,,Content Examples,https://www.unrealengine.com/marketplace/en-US/product/content-examples
uelibrary/UE5_BPAndVFX,,PN_IvyPack,,BP/VFX,,Dynamic Ivy Creation Pack,https://www.unrealengine.com/marketplace/en-US/product/dynamic-ivy-creation-pack
uelibrary/UE5_BPAndVFX,,DynamicVolumetricSky,,BP/VFX,,Dynamic Volumetric Sky,http://www.unrealengine.com/marketplace/en-US/product/dynamic-volumetric-sky
uelibrary/UE5_BPAndVFX,,EndlessWorld,,BP/VFX,,Endless Random Procedural Worlds (With Level Streaming),http://www.unrealengine.com/marketplace/en-US/product/endless-procedural-worlds-with-level-streaming
uelibrary/UE5_BPAndVFX,,Hack_And_Slash_FX,,BP/VFX,,Hack And Slash FX,http://www.unrealengine.com/marketplace/en-US/product/hack-and-slash-fx
uelibrary/UE5_BPAndVFX,,ImplementingUI,,BP/VFX,,Implementing UI for Level Design,https://www.unrealengine.com/marketplace/en-US/product/implementing-ui-for-level-design
uelibrary/UE5_BPAndVFX,,InfinityBladeEffects,,BP/VFX,,Infinity Blade: Effects,http://www.unrealengine.com/marketplace/en-US/product/infinity-blade-effects
uelibrary/UE5_BPAndVFX,,KTP_Effect,,BP/VFX,,Korean Traditional Pattern Effect,http://www.unrealengine.com/marketplace/en-US/product/korean-traditional-pattern-effect
uelibrary/UE5_BPAndVFX,,STF,,BP/VFX,,Landscape Pro 2.0 Auto-Generated Material,https://www.unrealengine.com/marketplace/en-US/product/landscape-pro-auto-generated-material
uelibrary/UE5_BPAndVFX,,LDTK,,BP/VFX,,Level Design Tool Kit,http://www.unrealengine.com/marketplace/en-US/product/level-design-tool-kit
uelibrary/UE5_BPAndVFX,,Luos8Elements,,BP/VFX,,Luos's Eight elements,http://www.unrealengine.com/marketplace/en-US/product/luos-s-eight-elements
uelibrary/UE5_BPAndVFX,,Magic_Circle_Creator,,BP/VFX,,Magic Circle Creator,http://www.unrealengine.com/marketplace/en-US/product/magic-circle-creator
uelibrary/UE5_BPAndVFX,,MenuBuilderCarousel,,BP/VFX,,Menu Builder Carousel,https://www.unrealengine.com/marketplace/en-US/product/menu-builder-carousel
uelibrary/UE5_BPAndVFX,,NecrosUtilityMatPack,,BP/VFX,,Necro's Utility Material Pack,https://www.unrealengine.com/marketplace/en-US/product/necro-s-utility-material-pack
uelibrary/UE5_BPAndVFX,,A_Surface_Footstep,,BP/VFX,,Niagara Footstep VFX,http://www.unrealengine.com/marketplace/en-US/product/niagara-footstep-vfx
uelibrary/UE5_BPAndVFX,,sA_Megapack_v1,,BP/VFX,,Niagara Mega VFX Pack vol. 1,http://www.unrealengine.com/marketplace/en-US/product/niagara-mega-vfx-pack-vol
uelibrary/UE5_BPAndVFX,,NiagaraToonEffect,,BP/VFX,,Niagara Toon Effect,https://www.unrealengine.com/marketplace/en-US/product/niagara-toon-effect
uelibrary/UE5_BPAndVFX,,AdvWorldInteraction,,BP/VFX,,Open World RPG Toolkit,https://www.unrealengine.com/marketplace/en-US/product/advanced-action-rpg-with-world-map
uelibrary/UE5_BPAndVFX,,EpicParticleEffects,,BP/VFX,,Particle Effects,http://www.unrealengine.com/marketplace/en-US/product/particle-effects
uelibrary/UE5_BPAndVFX,,TS_PostProcess,,BP/VFX,,Post Process Shader Pack v1.2???,
uelibrary/UE5_BPAndVFX,,ProceduralWalls,,BP/VFX,,Procedural Spline Walls System,http://www.unrealengine.com/marketplace/en-US/product/procedural-spline-walls-system
uelibrary/UE5_BPAndVFX,,2DSideScrollerBP,,BP/VFX,,Projectiles and Pickups with Paper 2D,https://www.unrealengine.com/marketplace/en-US/product/projectiles-and-pickups-with-paper-2d
uelibrary/UE5_BPAndVFX,,RealisticRendering,,BP/VFX,,Realistic Rendering,https://www.unrealengine.com/marketplace/en-US/product/realistic-rendering
uelibrary/UE5_BPAndVFX,,Realistic_Starter_VFX_Pack_Vol2,,BP/VFX,,Realistic Starter VFX Pack Vol 2,http://www.unrealengine.com/marketplace/en-US/product/realistic-starter-vfx-pack-vol
uelibrary/UE5_BPAndVFX,,Reflections,,BP/VFX,,Reflections???,
uelibrary/UE5_BPAndVFX,,RPGEffects,,BP/VFX,,RPG FX Starter Pack,http://www.unrealengine.com/marketplace/en-US/product/rpg-fx-starter-pack
uelibrary/UE5_BPAndVFX,,StrategyGame,,BP/VFX,,Strategy Game,https://www.unrealengine.com/marketplace/en-US/product/strategy-game
uelibrary/UE5_BPAndVFX,,StylizedRendering,,BP/VFX,,Stylized Rendering,https://www.unrealengine.com/marketplace/en-US/product/stylized-rendering
uelibrary/UE5_BPAndVFX,,TrailSystem,,BP/VFX,,Surface Trails,https://www.unrealengine.com/marketplace/en-US/product/surface-trails-with-snow-deformation-example
uelibrary/UE5_BPAndVFX,,FPSPuzzleSP,,BP/VFX,,Ultimate FPS Puzzle Kit,http://www.unrealengine.com/marketplace/en-US/product/ultimate-fps-puzzle-kit
uelibrary/UE5_BPAndVFX,,UnrealLearningKit,,BP/VFX,,Unreal Learning Kit,https://www.unrealengine.com/marketplace/en-US/product/unreal-learning-kit
uelibrary/UE5_BPAndVFX,,VFX_Bundle_2,,BP/VFX,,VFX Bundle 2,http://www.unrealengine.com/marketplace/en-US/product/vfx-bundle-01
uelibrary/UE5_BPAndVFX,,WaterMaterials,,BP/VFX,,Water Materials,https://www.unrealengine.com/marketplace/en-US/product/water-materials
,,,,,,,
uelibrary/UE5_SeaAndOcean,,,,,,,
uelibrary/UE5_SeaAndOcean,,Corals,,SeaAndOcean,,Corals,https://www.unrealengine.com/marketplace/en-US/product/corals
uelibrary/UE5_SeaAndOcean,,Corals2,,SeaAndOcean,,Corals 2,https://www.unrealengine.com/marketplace/en-US/product/corals-01
uelibrary/UE5_SeaAndOcean,,CrabsPack,,SeaAndOcean,,Crabs Pack,https://www.unrealengine.com/marketplace/en-US/product/crabs-pack
uelibrary/UE5_SeaAndOcean,,Fishes,,SeaAndOcean,,Fishes,https://www.unrealengine.com/marketplace/en-US/product/fishes
uelibrary/UE5_SeaAndOcean,,OceanFloor,,SeaAndOcean,,Ocean Floor Environment,https://www.unrealengine.com/marketplace/en-US/product/ocean-floor-environment
uelibrary/UE5_SeaAndOcean,,Ocean_Game,,SeaAndOcean,,Ocean Game Sound Effects,https://www.unrealengine.com/marketplace/en-US/product/ocean-game
uelibrary/UE5_SeaAndOcean,,ReefKit,,SeaAndOcean,,Reef Kit,https://www.unrealengine.com/marketplace/en-US/product/reef-kit
uelibrary/UE5_SeaAndOcean,,SeashellsAndRocks,,SeaAndOcean,,Seashells and Rocks Pack,https://www.unrealengine.com/marketplace/en-US/product/shells-and-rocks
uelibrary/UE5_SeaAndOcean,,TropicalFish,,SeaAndOcean,,Tropical Fish,https://www.unrealengine.com/marketplace/en-US/product/tropical-fish
uelibrary/UE5_SeaAndOcean,,Underwater,,SeaAndOcean,,Underwater World / 70 Assets,https://www.unrealengine.com/marketplace/en-US/product/underwater-world-70-assets
,,,,,,,
uelibrary/UE5_Characters,,,,,,,
uelibrary/UE5_Characters,,Man,,Characters,,Adventure Character,https://www.unrealengine.com/marketplace/en-US/product/adventure-character
uelibrary/UE5_Characters,,AfricanAnimalsPack,,Characters,,AFRICAN ANIMALS PACK,https://www.unrealengine.com/marketplace/en-US/product/african-animals-pack
uelibrary/UE5_Characters,,AnimalVarietyPack,,Characters,,ANIMAL VARIETY PACK,https://www.unrealengine.com/marketplace/en-US/product/17c2d7d545674204a7644c3c0c4c58ba
uelibrary/UE5_Characters,,Animalia,,Characters,,Animalia - German Shepherd,https://www.unrealengine.com/marketplace/en-US/product/animalia-german-shepherd-m
uelibrary/UE5_Characters,,AnimatedPondFish,,Characters,,Animated Pond Fish,https://www.unrealengine.com/marketplace/en-US/product/animated-pond-fish
uelibrary/UE5_Characters,,Teuthisan,,Characters,,ASC Teuthisan,https://www.unrealengine.com/marketplace/en-US/product/asc-teuthisan
uelibrary/UE5_Characters,,BungeeMan,,Characters,,BungeeMan,https://www.unrealengine.com/marketplace/en-US/product/bungeeman
uelibrary/UE5_Characters,,Bunny,,Characters,,Bunny,https://www.unrealengine.com/marketplace/en-US/product/bunny-01
uelibrary/UE5_Characters,,CityofBrass_Enemies,,Characters,,City of Brass: Enemies,https://www.unrealengine.com/marketplace/en-US/product/b7cbc53813a24db1a5bd42f75151698c
uelibrary/UE5_Characters,,CitySampleCrowd,,Characters,,City Sample Crowds,https://www.unrealengine.com/marketplace/en-US/product/city-sample-crowds
uelibrary/UE5_Characters,,CuteCreature,,Characters,,Cute Creature,https://www.unrealengine.com/marketplace/en-US/product/cute-creature
uelibrary/UE5_Characters,,Elemental,,Characters,,Elemental Demo,https://www.unrealengine.com/marketplace/en-US/product/elemental-demo
uelibrary/UE5_Characters,,EnemyCreature,,Characters,,Enemy Creature,https://www.unrealengine.com/marketplace/en-US/product/enemy-creature
uelibrary/UE5_Characters,,EnemyGoblin,,Characters,,Enemy Goblin,https://www.unrealengine.com/marketplace/en-US/product/enemy-goblin
uelibrary/UE5_Characters,,ContentGoblin,,Characters,,Goblin warrior. Modular,https://www.unrealengine.com/marketplace/en-US/product/goblin-warrior
uelibrary/UE5_Characters,,HorseStarterKit,,Characters,,Horse Starter Kit,https://www.unrealengine.com/marketplace/en-US/product/horse-starter-kit
uelibrary/UE5_Characters,,Infiltrator,,Characters,,Infiltrator Demo,https://www.unrealengine.com/marketplace/en-US/product/infiltrator-demo
uelibrary/UE5_Characters,,InfinityBladeAdversaries,,Characters,,Infinity Blade: Adversaries,https://www.unrealengine.com/marketplace/en-US/product/infinity-blade-enemies
uelibrary/UE5_Characters,,InfinityBladeWarriors,,Characters,,Infinity Blade: Warriors,https://www.unrealengine.com/marketplace/en-US/product/infinity-blade-characters
uelibrary/UE5_Characters,,Kraken,,Characters,,Kraken,https://www.unrealengine.com/marketplace/en-US/product/kraken
uelibrary/UE5_Characters,,MilitaryCharDark,,Characters,,Military Character Dark,https://www.unrealengine.com/marketplace/en-US/product/military-character-dark
uelibrary/UE5_Characters,,MilitaryCharSilver,,Characters,,Military Character Silver,https://www.unrealengine.com/marketplace/en-US/product/military-character-silver
uelibrary/UE5_Characters,,ODSMannequin,,Characters,,Military Style Mannequins???,
uelibrary/UE5_Characters,,ParagonAurora,,Characters,,Paragon: Aurora,https://www.unrealengine.com/marketplace/en-US/product/paragon-aurora
uelibrary/UE5_Characters,,ParagonBoris,,Characters,,Paragon: Boris,https://www.unrealengine.com/marketplace/en-US/product/paragon-boris
uelibrary/UE5_Characters,,ParagonCountess,,Characters,,Paragon: Countess,https://www.unrealengine.com/marketplace/en-US/product/paragon-countess
uelibrary/UE5_Characters,,ParagonCrunch,,Characters,,Paragon: Crunch,https://www.unrealengine.com/marketplace/en-US/product/paragon-crunch
uelibrary/UE5_Characters,,ParagonDekker,,Characters,,Paragon: Dekker,https://www.unrealengine.com/marketplace/en-US/product/paragon-dekker
uelibrary/UE5_Characters,,ParagonDrongo,,Characters,,Paragon: Drongo,https://www.unrealengine.com/marketplace/en-US/product/paragon-drongo
uelibrary/UE5_Characters,,ParagonFengMao,,Characters,,Paragon: Feng Mao,https://www.unrealengine.com/marketplace/en-US/product/paragon-feng-mao
uelibrary/UE5_Characters,,ParagonGadget,,Characters,,Paragon: Gadget,https://www.unrealengine.com/marketplace/en-US/product/paragon-gadget
uelibrary/UE5_Characters,,ParagonGideon,,Characters,,Paragon: Gideon,https://www.unrealengine.com/marketplace/en-US/product/paragon-gideon
uelibrary/UE5_Characters,,ParagonGreystone,,Characters,,Paragon: Greystone,https://www.unrealengine.com/marketplace/en-US/product/paragon-greystone
uelibrary/UE5_Characters,,ParagonGRIMexe,,Characters,,Paragon: GRIM.exe,https://www.unrealengine.com/marketplace/en-US/product/paragon-grim-exe
uelibrary/UE5_Characters,,ParagonGrux,,Characters,,Paragon: Grux,https://www.unrealengine.com/marketplace/en-US/product/paragon-grux
uelibrary/UE5_Characters,,ParagonHowitzer,,Characters,,Paragon: Howitzer,https://www.unrealengine.com/marketplace/en-US/product/paragon-howitzer
uelibrary/UE5_Characters,,ParagonIggyScorch,,Characters,,Paragon: Iggy & Scorch,https://www.unrealengine.com/marketplace/en-US/product/paragon-iggy-scorch
uelibrary/UE5_Characters,,ParagonKallari,,Characters,,Paragon: Kallari,https://www.unrealengine.com/marketplace/en-US/product/paragon-kallari
uelibrary/UE5_Characters,,ParagonKhaimera,,Characters,,Paragon: Khaimera,https://www.unrealengine.com/marketplace/en-US/product/paragon-khaimera
uelibrary/UE5_Characters,,ParagonKwang,,Characters,,Paragon: Kwang,https://www.unrealengine.com/marketplace/en-US/product/paragon-kwang
uelibrary/UE5_Characters,,ParagonLtBelica,,Characters,,Paragon: Lt. Belica,https://www.unrealengine.com/marketplace/en-US/product/paragon-lt-belica
uelibrary/UE5_Characters,,ParagonMinions,,Characters,,Paragon: Minions,https://www.unrealengine.com/marketplace/en-US/product/paragon-minions
uelibrary/UE5_Characters,,ParagonMorigesh,,Characters,,Paragon: Morigesh,https://www.unrealengine.com/marketplace/en-US/product/paragon-morigesh
uelibrary/UE5_Characters,,ParagonMurdock,,Characters,,Paragon: Murdock,https://www.unrealengine.com/marketplace/en-US/product/paragon-murdock
uelibrary/UE5_Characters,,ParagonMuriel,,Characters,,Paragon: Muriel,https://www.unrealengine.com/marketplace/en-US/product/paragon-muriel
uelibrary/UE5_Characters,,ParagonNarbash,,Characters,,Paragon: Narbash,https://www.unrealengine.com/marketplace/en-US/product/paragon-narbash
uelibrary/UE5_Characters,,ParagonPhase,,Characters,,Paragon: Phase,https://www.unrealengine.com/marketplace/en-US/product/paragon-phase
uelibrary/UE5_Characters,,ParagonRampage,,Characters,,Paragon: Rampage,https://www.unrealengine.com/marketplace/en-US/product/paragon-rampage
uelibrary/UE5_Characters,,ParagonRevenant,,Characters,,Paragon: Revenant,https://www.unrealengine.com/marketplace/en-US/product/paragon-revenant
uelibrary/UE5_Characters,,ParagonRiktor,,Characters,,Paragon: Riktor,https://www.unrealengine.com/marketplace/en-US/product/paragon-riktor
uelibrary/UE5_Characters,,ParagonSerath,,Characters,,Paragon: Serath,https://www.unrealengine.com/marketplace/en-US/product/paragon-serath
uelibrary/UE5_Characters,,ParagonSevarog,,Characters,,Paragon: Sevarog,https://www.unrealengine.com/marketplace/en-US/product/paragon-sevarog
uelibrary/UE5_Characters,,ParagonShinbi,,Characters,,Paragon: Shinbi,https://www.unrealengine.com/marketplace/en-US/product/paragon-shinbi
uelibrary/UE5_Characters,,ParagonSparrow,,Characters,,Paragon: Sparrow,https://www.unrealengine.com/marketplace/en-US/product/paragon-sparrow
uelibrary/UE5_Characters,,ParagonSteel,,Characters,,Paragon: Steel,https://www.unrealengine.com/marketplace/en-US/product/paragon-steel
uelibrary/UE5_Characters,,ParagonTerra,,Characters,,Paragon: Terra,https://www.unrealengine.com/marketplace/en-US/product/paragon-terra
uelibrary/UE5_Characters,,ParagonFey,,Characters,,Paragon: The Fey,https://www.unrealengine.com/marketplace/en-US/product/paragon-the-fey
uelibrary/UE5_Characters,,ParagonTwinblast,,Characters,,Paragon: Twinblast,https://www.unrealengine.com/marketplace/en-US/product/paragon-twinblast
uelibrary/UE5_Characters,,ParagonWraith,,Characters,,Paragon: Wraith,https://www.unrealengine.com/marketplace/en-US/product/paragon-wraith
uelibrary/UE5_Characters,,ParagonSunWukong,,Characters,,Paragon: Wukong,https://www.unrealengine.com/marketplace/en-US/product/paragon-wukong
uelibrary/UE5_Characters,,ParagonYin,,Characters,,Paragon: Yin,https://www.unrealengine.com/marketplace/en-US/product/paragon-yin
uelibrary/UE5_Characters,,ParagonZinx,,Characters,,Paragon: Zinx,https://www.unrealengine.com/marketplace/en-US/product/paragon-zinx
uelibrary/UE5_Characters,,Piggy,,Characters,,Piggy,https://www.unrealengine.com/marketplace/en-US/product/piggy-01
uelibrary/UE5_Characters,,Pirate,,Characters,,Pirate,https://www.unrealengine.com/marketplace/en-US/product/pirate-01
uelibrary/UE5_Characters,,ProtoCharacters,,Characters,,Prototype Characters???,
uelibrary/UE5_Characters,,QuadrapedCreatures,,Characters,,Quadruped Fantasy Creatures,https://www.unrealengine.com/marketplace/en-US/product/7f7775996f7442b187f6fa510ec9d289
uelibrary/UE5_Characters,,ROG_Modular_Armor,,Characters,,ROG Modular Medieval Accessories and Robes,https://www.unrealengine.com/marketplace/en-US/product/rog-modular-medieval-accessories-and-robes
uelibrary/UE5_Characters,,Scanned3DPeoplePack,,Characters,,Scanned 3D People Pack,https://www.unrealengine.com/marketplace/en-US/product/9c3fab270dfe468a9a920da0c10fa2ad
uelibrary/UE5_Characters,,Sci_Fi_Character_08,,Characters,,Sci-Fi Character 08 (Renegade),https://www.unrealengine.com/marketplace/en-US/product/sci-fi-character-08-renegade
uelibrary/UE5_Characters,,ShooterGame,,Characters,,Shooter Game???,
uelibrary/UE5_Characters,,Slay,,Characters,,Slay Animation Sample,https://www.unrealengine.com/marketplace/en-US/product/slay-animation-sample
uelibrary/UE5_Characters,,StackOBot,,Characters,,Stack O Bot,https://www.unrealengine.com/marketplace/en-US/product/stack-o-bot
uelibrary/UE5_Characters,,SCK_Casual01,,Characters,,Stylized Character Kit: Casual 01,https://www.unrealengine.com/marketplace/en-US/product/stylized-male-character-kit-casual
uelibrary/UE5_Characters,,StylizedModularChar,,Characters,,Stylized Modular Character,https://www.unrealengine.com/marketplace/en-US/product/stylized-modular-character
uelibrary/UE5_Characters,,TMPosedHumansChildrenPack1,,Characters,,Twinmotion Posed Humans Children Pack 1,https://www.unrealengine.com/marketplace/en-US/product/twinmotion-posed-humans-children-pack-1
uelibrary/UE5_Characters,,TMPosedHumansShoppingPack1,,Characters,,Twinmotion Posed Humans Shopping Pack 1,https://www.unrealengine.com/marketplace/en-US/product/twinmotion-posed-humans-shopping-pack-1
uelibrary/UE5_Characters,,TMPosedHumansSportPack1,,Characters,,Twinmotion Posed Humans Sport Pack 1,https://www.unrealengine.com/marketplace/en-US/product/twinmotion-posed-humans-sport-pack-1
uelibrary/UE5_Characters,,TMPosedHumansWinterPack1,,Characters,,Twinmotion Posed Humans Winter Pack 1,https://www.unrealengine.com/marketplace/en-US/product/twinmotion-posed-humans-winter-pack-1
uelibrary/UE5_Characters,,UndeadPack,,Characters,,Undead Pack,https://www.unrealengine.com/marketplace/en-US/product/undead-pack-01
uelibrary/UE5_Characters,,EchoContent,,Characters,,Windwalker Echo,https://www.unrealengine.com/marketplace/en-US/product/windwalker-echo-01
,,,,,,,
uelibrary/UE5_Props,,,,,,,
uelibrary/UE5_Props,,AncientTreasures,,Props,,Ancient Treasures,https://www.unrealengine.com/marketplace/en-US/product/9efde82ef29746fcbb2cb0e45e714f43
uelibrary/UE5_Props,,Deko_MatrixDemo,,Props,,Apartment Tech Props,https://www.unrealengine.com/marketplace/en-US/product/31797bf6fa0545d590e3bb17d0968dea
uelibrary/UE5_Props,,Bridges,,Props,,Bridges,https://www.unrealengine.com/marketplace/en-US/product/bridges
uelibrary/UE5_Props,,City_of_Brass_Props,,Props,,City of Brass: Props,https://www.unrealengine.com/marketplace/en-US/product/90cfc029052b431898380e1f0f872bd0
uelibrary/UE5_Props,,Deko_MatrixDemo,,Props,,City Street Props,https://www.unrealengine.com/marketplace/en-US/product/8162a702d7c747e9ac544dff38af78c8
uelibrary/UE5_Props,,Cropout,,Props,,Cropout Sample Project,https://www.unrealengine.com/marketplace/en-US/product/cropout-sample-project
uelibrary/UE5_Props,,DungeonLamps,,Props,,Dungeon Lamps,https://www.unrealengine.com/marketplace/en-US/product/dungeon-lamps
uelibrary/UE5_Props,,Food_Pack_01,,Props,,Food Pack 01,https://www.unrealengine.com/marketplace/en-US/product/food-pack
uelibrary/UE5_Props,,Weapon_Pack,,Props,,Free Fantasy Weapon Sample Pack,https://www.unrealengine.com/marketplace/en-US/product/e4494c76c3b348aba7ef9b263a6dd496
uelibrary/UE5_Props,,FreeFurniturePack,,Props,,Free Furniture Pack,https://www.unrealengine.com/marketplace/en-US/product/a4907129f69c44a892f76782489736ab
uelibrary/UE5_Props,,Halloween_Pumpkins,,Props,,Halloween Pumpkins / 150+ variations,https://www.unrealengine.com/marketplace/en-US/product/halloween-pumpkins-150-variations
uelibrary/UE5_Props,,IndustryPropsPack6,,Props,,Industry Props Pack 6,https://www.unrealengine.com/marketplace/en-US/product/3e2a3cb997cf47b1ab782a67957bfed0
uelibrary/UE5_Props,,Infinity_Blade_Assets,,Props,,Infinity Blade: Props,https://www.unrealengine.com/marketplace/en-US/product/infinity-blade-props
uelibrary/UE5_Props,,InfinityBladeWeapons,,Props,,Infinity Blade: Weapons,https://www.unrealengine.com/marketplace/en-US/product/infinity-blade-weapons
uelibrary/UE5_Props,,KT_Props,,Props,,Korean Traditional Props,https://www.unrealengine.com/marketplace/en-US/product/korean-traditional-props
uelibrary/UE5_Props,,LPGenericPropsSet08,,Props,,LPGenericPropsSet08,https://www.unrealengine.com/marketplace/en-US/product/lpgenericpropsset08
uelibrary/UE5_Props,,LPGenericPropsSet10,,Props,,LPGenericPropsSet10,https://www.unrealengine.com/marketplace/en-US/product/lpgenericpropsset10
uelibrary/UE5_Props,,MilitaryWeapDark,,Props,,Military Weapons Dark,https://www.unrealengine.com/marketplace/en-US/product/military-weapons-dark
uelibrary/UE5_Props,,MilitaryWeapSilver,,Props,,Military Weapons Silver,https://www.unrealengine.com/marketplace/en-US/product/military-weapons-silver
uelibrary/UE5_Props,,ModularLowPolyRobots,,Props,,ModularLowPolyRobots???,
uelibrary/UE5_Props,,PrototypeWeap,,Props,,Prototype Weapon???,
uelibrary/UE5_Props,,SciFiWeapDark,,Props,,SciFi Weapons Dark????,
uelibrary/UE5_Props,,SciFiWeapLight,,Props,,SciFi Weapons Silver????,
uelibrary/UE5_Props,,Sport_inventory_pack,,Props,,Sport inventory pack,https://www.unrealengine.com/marketplace/en-US/product/sport-inventory-pack
uelibrary/UE5_Props,,TMBackyardPack1,,Props,,Twinmotion Backyard Pack 1,https://www.unrealengine.com/marketplace/en-US/product/twinmotion-backyard-pack-1
uelibrary/UE5_Props,,TMBackyardPack2,,Props,,Twinmotion Backyard Pack 2,https://www.unrealengine.com/marketplace/en-US/product/twinmotion-backyard-pack-2
uelibrary/UE5_Props,,TMChairsAndTablesPack1,,Props,,Twinmotion Chairs & Tables Pack 1,https://www.unrealengine.com/marketplace/en-US/product/twinmotion-chairs-tables-pack-1
uelibrary/UE5_Props,,TMDecorationsPack1,,Props,,Twinmotion Decoration Pack 1,https://www.unrealengine.com/marketplace/en-US/product/twinmotion-decoration-pack-1
uelibrary/UE5_Props,,TMEntertainmentPack1,,Props,,Twinmotion Entertainment Pack 1,https://www.unrealengine.com/marketplace/en-US/product/twinmotion-entertainment-pack-1
uelibrary/UE5_Props,,TMHighTechPack1,,Props,,Twinmotion High Tech Pack 1,https://www.unrealengine.com/marketplace/en-US/product/twinmotion-high-tech-pack-1
uelibrary/UE5_Props,,TMMusicalPack1,,Props,,Twinmotion Musical Pack 1,https://www.unrealengine.com/marketplace/en-US/product/twinmotion-musical-pack-1
uelibrary/UE5_Props,,TMSportPack,,Props,,Twinmotion Sports Equipment Pack 1,https://www.unrealengine.com/marketplace/en-US/product/twinmotion-sports-equipment-pack
uelibrary/UE5_Props,,TMSportsEquipmentPack2,,Props,,Twinmotion Sports Equipment Pack 2,https://www.unrealengine.com/marketplace/en-US/product/twinmotion-sports-equipment-pack-2
uelibrary/UE5_Props,,TMStoragesPack1,,Props,,Twinmotion Storages Pack 1,https://www.unrealengine.com/marketplace/en-US/product/twinmotion-storages-pack-1
uelibrary/UE5_Props,,VPRealFood,,Props,,VP Real Food And Coffee Bakery???,
uelibrary/UE5_Props,,DefectPropsVol1,,Props,,Workshop Tools And Props Barrels Boxes Bundle vol.1,https://www.unrealengine.com/marketplace/en-US/product/defect-ultimate-props-bundle-vol
,,,,,,,
uelibrary/UE5_Vehicles,,,,,,,
uelibrary/UE5_Vehicles,,VigilanteContent\Vehicles\East_SPG_2S3Akatsia,,Vehicles,,2S3 Akatsiya Self-propelled howitzer (East),https://www.unrealengine.com/marketplace/en-US/item/c58dbae466ba4a468b545b3d0005e68d
uelibrary/UE5_Vehicles,,VigilanteContent\Vehicles\West_Attack_A10,,Vehicles,,A10 Attack Fighter (West),https://www.unrealengine.com/marketplace/en-US/product/a10-attack-fighter-west
uelibrary/UE5_Vehicles,,VigilanteContent\Vehicles\West_AA_Patriot,,Vehicles,,AA Patriot (West),https://www.unrealengine.com/marketplace/en-US/product/aa-patriot-west
uelibrary/UE5_Vehicles,,VigilanteContent\Vehicles\East_AA_Shilka,,Vehicles,,AA ZSU-23-4 Shilka (East)),https://www.unrealengine.com/marketplace/en-US/product/aa-shilka-east
uelibrary/UE5_Vehicles,,VigilanteContent\Vehicles\West_Heli_AH64D,,Vehicles,,AH-64D Apache Longbow (West),https://www.unrealengine.com/marketplace/en-US/product/ah-64d-apache-longbow-us
uelibrary/UE5_Vehicles,,VigilanteContent\Vehicles\East_Transport_IL76,,Vehicles,,Air Tanker IL-76 (East),https://www.unrealengine.com/marketplace/en-US/product/air-tanker-il-76-east
uelibrary/UE5_Vehicles,,VigilanteContent\Vehicles\East_AirTanker_IL78,,Vehicles,,Air Tanker IL-78 (East),https://www.unrealengine.com/marketplace/en-US/product/air-tanker-il-78-east
uelibrary/UE5_Vehicles,,VigilanteContent\Vehicles\East_APC_BTR82,,Vehicles,,APC BTR82 (East)),https://www.unrealengine.com/marketplace/en-US/product/apc-btr82-east
uelibrary/UE5_Vehicles,,VigilanteContent\Vehicles\West_APC_M113,,Vehicles,,APC M113 (West)),https://www.unrealengine.com/marketplace/en-US/product/apc-m113-west
uelibrary/UE5_Vehicles,,VigilanteContent\Vehicles\East_APC_MTLB,,Vehicles,,APC MTLB (East),https://www.unrealengine.com/marketplace/en-US/product/apc-mtlb-east
uelibrary/UE5_Vehicles,,VigilanteContent\Vehicles\West_Ship_DDG102,,Vehicles,,Arleigh Burke-class destroyer (West),https://www.unrealengine.com/marketplace/en-US/product/ship-arleigh-burke-ddg-102-west
uelibrary/UE5_Vehicles,,VigilanteContent\Vehicles\East_Arty_D30122mm,,Vehicles,,Artillery D-30 122mm (East),https://www.unrealengine.com/marketplace/en-US/product/artillery-d-30-122mm-east
uelibrary/UE5_Vehicles,,AssetsvilleTown,,Vehicles,,Assetsville Town,https://www.unrealengine.com/marketplace/en-US/product/assetsville-town
uelibrary/UE5_Vehicles,,VigilanteContent\Projectiles\East_Bomb_FAB250,,Vehicles,,Bomb FAB-250 (East)),https://www.unrealengine.com/marketplace/en-US/product/bomb-fab-250-easthttps://www.unrealengine.com/marketplace/en-US/product/bomb-fab-250-east
uelibrary/UE5_Vehicles,,VigilanteContent\Projectiles\West_Bomb_GBU10,,Vehicles,,Bomb GBU-10 (West),https://www.unrealengine.com/marketplace/en-US/product/bomb-gbu-10-west
uelibrary/UE5_Vehicles,,VigilanteContent\Projectiles\East_Bomb_KAB500,,Vehicles,,Bomb KAB500 (East),https://www.unrealengine.com/marketplace/en-US/product/bomb-kab500-east
uelibrary/UE5_Vehicles,,VigilanteContent\Projectiles\West_Bomb_MK82,,Vehicles,,Bomb MK-82 (West),https://www.unrealengine.com/marketplace/en-US/product/bomb-mk-82-west
uelibrary/UE5_Vehicles,,VigilanteContent\Vehicles\West_Bomber_B52H,,Vehicles,,Bomber B-52H Stratofortress (West)),https://www.unrealengine.com/marketplace/en-US/product/bomber-b-52h-west
uelibrary/UE5_Vehicles,,VigilanteContent\Vehicles\West_Bomber_B1B,,Vehicles,,Bomber B1-B (West),https://www.unrealengine.com/marketplace/en-US/product/bomber-b1-b-west
uelibrary/UE5_Vehicles,,VigilanteContent\Vehicles\West_Bomber_B2,,Vehicles,,Bomber B2 (West)),https://www.unrealengine.com/marketplace/en-US/product/bomber-b2-west
uelibrary/UE5_Vehicles,,VigilanteContent\Vehicles\East_Bomber_SU24,,Vehicles,,Bomber Su-24MK (East)),https://www.unrealengine.com/marketplace/en-US/product/bomber-su-24mk-east
uelibrary/UE5_Vehicles,,VigilanteContent\Vehicles\West_Transport_C130J,,Vehicles,,C-130J Transport (West),https://www.unrealengine.com/marketplace/en-US/product/c130-j-transport-west
uelibrary/UE5_Vehicles,,CitySampleVehicles,,Vehicles,,"City Samples Vehicles ( Matrix Demo, Epic Content )???",
uelibrary/UE5_Vehicles,,VigilanteContent\East_Command_9S552,,Vehicles,,Command 9S552 (East),https://www.unrealengine.com/marketplace/en-US/product/command-9s552-east
uelibrary/UE5_Vehicles,,CommercialPlane,,Vehicles,,Commercial Long-Range Aircraft,https://www.unrealengine.com/marketplace/en-US/product/commercial-long-range-aircrafthttps://www.unrealengine.com/marketplace/en-US/product/commercial-long-range-aircraft
uelibrary/UE5_Vehicles,,ConstructionMachines,,Vehicles,,Construction Vehicles 1,https://www.unrealengine.com/marketplace/en-US/product/twinmotion-construction-vehicles
uelibrary/UE5_Vehicles,,VigilanteMovement\Vehicles\West_APC_Stryker,,Vehicles,,Drivable M1126 Stryker ICV (West),https://www.unrealengine.com/marketplace/en-US/product/drivable-m1126-stryker-infantry-carrier-vehicle-west
uelibrary/UE5_Vehicles,,VIG_SSNLA,,Vehicles,,Drivable SSN Los Angeles (West),https://www.unrealengine.com/marketplace/en-US/product/drivable-ssn-los-angeles-west
uelibrary/UE5_Vehicles,,VigilanteMovement\Vehicles\West_Fighter_Typhoon,,Vehicles,,Fighter EuroFighter (West)),https://www.unrealengine.com/marketplace/en-US/product/fighter-eurofighter-westhttps://www.unrealengine.com/marketplace/en-US/product/fighter-eurofighter-west
uelibrary/UE5_Vehicles,,VigilanteMovement\Vehicles\West_Fighter_F18C,,Vehicles,,Fighter F/A-18C Hornet (West),https://www.unrealengine.com/marketplace/en-US/product/fighter-f-a-18c-hornet
uelibrary/UE5_Vehicles,,VigilanteMovement\Vehicles\West_Fighter_F15E,,Vehicles,,Fighter F15-E (West),https://www.unrealengine.com/marketplace/en-US/product/fighter-f15-e-west
uelibrary/UE5_Vehicles,,VigilanteMovement\Vehicles\East_Fighter_Su33,,Vehicles,,Fighter Su33 (East),https://www.unrealengine.com/marketplace/en-US/product/fighter-su33-east
uelibrary/UE5_Vehicles,,VigilanteMovement\Vehicles\East_IFV_BMP3,,Vehicles,,IFV BMP3 (East),https://www.unrealengine.com/marketplace/en-US/product/ifv-bmp3-east
uelibrary/UE5_Vehicles,,VigilanteMovement\Vehicles\West_IFV_M1134,,Vehicles,,IFV M1134 ATGM Stryker (West),https://www.unrealengine.com/marketplace/en-US/product/ifv-m1134-west
uelibrary/UE5_Vehicles,,VigilanteMovement\Vehicles\East_IMV_TigrM,,Vehicles,,IMV Tigr-M (East),https://www.unrealengine.com/marketplace/en-US/product/imv-tigr-m-east
uelibrary/UE5_Vehicles,,VigilanteMovement\Vehicles\East_Heli_Ka52,,Vehicles,,Ka-52 Alligator (East),https://www.unrealengine.com/marketplace/en-US/product/heli-ka52-east
uelibrary/UE5_Vehicles,,VigilanteMovement\Vehicles\West_AirTanker_KC135,,Vehicles,,KC-135R Air Tanker (West),https://www.unrealengine.com/marketplace/en-US/product/kc-135r-air-tanker-west
uelibrary/UE5_Vehicles,,VigilanteMovement\Vehicles\OWIContent,,Vehicles,,LAVIFV Infantry Fighting Vehicle???,
uelibrary/UE5_Vehicles,,VigilanteMovement\Vehicles\West_LCAC_LCAC1,,Vehicles,,"LCAC (Landing Craft, Air Cushion) (West)",https://www.unrealengine.com/marketplace/en-US/product/lcac-landing-craft-air-cushion-west
uelibrary/UE5_Vehicles,,VigilanteMovement\Vehicles\West_SSN_LosAngeles,,Vehicles,,Los Angeles-class SSN (West),https://www.unrealengine.com/marketplace/en-US/product/ssn-los-angeles-west
uelibrary/UE5_Vehicles,,VigilanteMovement\Vehicles\East_LUV_3151,,Vehicles,,LUV-3151 (East),https://www.unrealengine.com/marketplace/en-US/product/luv-3151-east
uelibrary/UE5_Vehicles,,VigilanteMovement\Vehicles\West_SPG_M109,,Vehicles,,M109 howitzer(West),https://www.unrealengine.com/marketplace/en-US/product/spg-m109-west
uelibrary/UE5_Vehicles,,VigilanteMovement\Vehicles\West_APC_Stryker,,Vehicles,,M1126 Stryker ICV (West),https://www.unrealengine.com/marketplace/en-US/product/m1126-stryker-infantry-carrier-vehicle
uelibrary/UE5_Vehicles,,VigilanteMovement\Vehicles\West_Command_M1130,,Vehicles,,M1130 CV Stryker (West),https://www.unrealengine.com/marketplace/en-US/product/command-m1130-west
uelibrary/UE5_Vehicles,,VigilanteMovement\Vehicles\West_Medic_M1133,,Vehicles,,M1133 Stryker MEV (West),https://www.unrealengine.com/marketplace/en-US/product/medic-m1133-west
uelibrary/UE5_Vehicles,,VigilanteMovement\Vehicles\West_Tank_M1A1Abrams,,Vehicles,,M1A1 Abrams Tank (West),https://www.unrealengine.com/marketplace/en-US/product/m1a1-abrams-tankhttps://www.unrealengine.com/marketplace/en-US/product/m1a1-abrams-tank
uelibrary/UE5_Vehicles,,VigilanteMovement\Vehicles\West_Arty_M777,,Vehicles,,M777 Howitzer Artillery (West),https://www.unrealengine.com/marketplace/en-US/product/m777-howitzer-artillery-west
uelibrary/UE5_Vehicles,,VigilanteMovement\Vehicles\West_Truck_M923,,Vehicles,,M923 Truck (West),https://www.unrealengine.com/marketplace/en-US/product/m923-truck-west
uelibrary/UE5_Vehicles,,VigilanteMovement\Vehicles\East_Medic_MTLB,,Vehicles,,Medic MT-LB (East),https://www.unrealengine.com/marketplace/en-US/product/medic-mt-lb-easthttps://www.unrealengine.com/marketplace/en-US/product/medic-mt-lb-east
uelibrary/UE5_Vehicles,,VigilanteMovement\Vehicles\East_Heli_Mi8T,,Vehicles,,Mi8T Hip (East),https://www.unrealengine.com/marketplace/en-US/product/heli-mi8t-east
uelibrary/UE5_Vehicles,,VigilanteContent\Projectiles\East_Missile_9K121,,Vehicles,,Missile 9K121 Vikhr (East),https://www.unrealengine.com/marketplace/en-US/product/missile-9k121-vikhr-east
uelibrary/UE5_Vehicles,,VigilanteContent\Projectiles\East_Missile_9M317,,Vehicles,,Missile 9M317 (East),https://www.unrealengine.com/marketplace/en-US/product/missile-9m317-east
uelibrary/UE5_Vehicles,,VigilanteContent\Projectiles\East_Missile_9M55,,Vehicles,,Missile 9M55 (East),https://www.unrealengine.com/marketplace/en-US/product/missile-9m55-east
uelibrary/UE5_Vehicles,,VigilanteContent\Projectiles\West_Missile_AGM65,,Vehicles,,Missile AGM-65 (West),https://www.unrealengine.com/marketplace/en-US/product/missile-agm-65-westhttps://www.unrealengine.com/marketplace/en-US/product/missile-agm-65-west
uelibrary/UE5_Vehicles,,VigilanteContent\Projectiles\West_Missile_AGM114,,Vehicles,,Missile AGM114 [West],https://www.unrealengine.com/marketplace/en-US/product/missile-agm114-west
uelibrary/UE5_Vehicles,,VigilanteContent\Projectiles\West_Missile_AGM88,,Vehicles,,Missile AGM88 (West),https://www.unrealengine.com/marketplace/en-US/product/missile-agm88-westhttps://www.unrealengine.com/marketplace/en-US/product/missile-agm88-west
uelibrary/UE5_Vehicles,,VigilanteContent\Projectiles\West_Missile_AIM120,,Vehicles,,Missile AIM-120 (West),https://www.unrealengine.com/marketplace/en-US/product/missile-aim-120-west
uelibrary/UE5_Vehicles,,VigilanteContent\Projectiles\West_Missile_BGM109,,Vehicles,,Missile BGM-109 (West),https://www.unrealengine.com/marketplace/en-US/product/missile-bgm-109-west
uelibrary/UE5_Vehicles,,VigilanteContent\Projectiles\West_Missile_FFAR,,Vehicles,,Missile FFAR (West),https://www.unrealengine.com/marketplace/en-US/product/missile-ffar-west
uelibrary/UE5_Vehicles,,VigilanteContent\Projectiles\East_Missile_Kh29T,,Vehicles,,Missile Kh-29T (East),https://www.unrealengine.com/marketplace/en-US/product/missile-kh-29t-easthttps://www.unrealengine.com/marketplace/en-US/product/missile-kh-29t-east
uelibrary/UE5_Vehicles,,VigilanteContent\Projectiles\East_Missile_Kh31P,,Vehicles,,Missile Kh-31P (East),https://www.unrealengine.com/marketplace/en-US/product/missile-kh-31p-east
uelibrary/UE5_Vehicles,,VigilanteContent\Projectiles\West_Missile_M26,,Vehicles,,Missile M26 (West),https://www.unrealengine.com/marketplace/en-US/product/missile-m26-westhttps://www.unrealengine.com/marketplace/en-US/product/missile-m26-west
uelibrary/UE5_Vehicles,,VigilanteContent\Projectiles\West_Missile_MIM104,,Vehicles,,Missile MIM104 (West),https://www.unrealengine.com/marketplace/en-US/product/missile-mim104-west
uelibrary/UE5_Vehicles,,VigilanteContent\Projectiles\East_Missile_P270,,Vehicles,,Missile P270 (East),https://www.unrealengine.com/marketplace/en-US/product/missile-p270-easthttps://www.unrealengine.com/marketplace/en-US/product/missile-p270-east
uelibrary/UE5_Vehicles,,VigilanteContent\Projectiles\East_Missile_R77,,Vehicles,,Missile R77 (East),https://www.unrealengine.com/marketplace/en-US/product/missile-r77-east
uelibrary/UE5_Vehicles,,VigilanteContent\Projectiles\East_Missile_S5,,Vehicles,,Missile S5 (East),https://www.unrealengine.com/marketplace/en-US/product/missile-s5-east
uelibrary/UE5_Vehicles,,VigilanteContent\Projectiles\West_Missile_SM3,,Vehicles,,Missile SM-3 (West),https://www.unrealengine.com/marketplace/en-US/product/missile-sm-3-easthttps://www.unrealengine.com/marketplace/en-US/product/missile-sm-3-east
uelibrary/UE5_Vehicles,,VigilanteContent\Vehicles\East_MLRS_Smerch,,Vehicles,,MLRS 9k58 Smerch (East),https://www.unrealengine.com/marketplace/en-US/product/mlrs-smerch-east
uelibrary/UE5_Vehicles,,VigilanteContent\Vehicles\West_MLRS_M270,,Vehicles,,MLRS M270 (West),https://www.unrealengine.com/marketplace/en-US/product/mlrs-m270-westhttps://www.unrealengine.com/marketplace/en-US/product/mlrs-m270-west
uelibrary/UE5_Vehicles,,VigilanteContent\Vehicles\West_MRAP_Oshkosh,,Vehicles,,MRAP Oshkosh (West),https://www.unrealengine.com/marketplace/en-US/product/mrap-oshkosh-west
uelibrary/UE5_Vehicles,,VigilanteContent\Vehicles\West_Radar_Patriot,,Vehicles,,Radar Patriot (West),https://www.unrealengine.com/marketplace/en-US/product/radar-patriot-west
uelibrary/UE5_Vehicles,,VigilanteContent\Vehicles\East_Radar_S400,,Vehicles,,S400 Radar (East),https://www.unrealengine.com/marketplace/en-US/product/s400-radar-east
uelibrary/UE5_Vehicles,,VigilanteContent\Vehicles\East_SAM_Buk-M1-2,,Vehicles,,SAM Buk-M1-2 (East),https://www.unrealengine.com/marketplace/en-US/product/sam-buk-m1-2-east
uelibrary/UE5_Vehicles,,VigilanteContent\Vehicles\East_Ship_Sovremenny,,Vehicles,,Sovremenny-class destroyer (East),https://www.unrealengine.com/marketplace/en-US/product/destroyer-sovremenny-east
uelibrary/UE5_Vehicles,,VigilanteContent\Projectiles\East_SRBM_IskanderM,,Vehicles,,SRBM Iskander-M (East),https://www.unrealengine.com/marketplace/en-US/product/srbm-iskander-m-east
uelibrary/UE5_Vehicles,,VigilanteContent\Vehicles\East_SRMB_Iskander,,Vehicles,,SRMB Iskander (East),https://www.unrealengine.com/marketplace/en-US/product/srmb-iskander-easthttps://www.unrealengine.com/marketplace/en-US/product/srmb-iskander-east
uelibrary/UE5_Vehicles,,VigilanteContent\Vehicles\StylizedTruckPack,,Vehicles,,"Stylized Truck Pack (Gasoline Truck, Box Truck, Trunk Truck, Drivable Truck)",https://www.unrealengine.com/marketplace/en-US/product/stylized-truck-pack
uelibrary/UE5_Vehicles,,VigilanteContent\Vehicles\East_Bomber_Su25,,Vehicles,,Su25 Bomber (East),https://www.unrealengine.com/marketplace/en-US/product/su25-bomber-east
uelibrary/UE5_Vehicles,,VigilanteContent\Vehicles\East_Fighter_Su30,,Vehicles,,Su30 Fighter (East),https://www.unrealengine.com/marketplace/en-US/product/su30-fighter-east
uelibrary/UE5_Vehicles,,VigilanteContent\Vehicles\East_Tank_T72b,,Vehicles,,Tank T72B (East),https://www.unrealengine.com/marketplace/en-US/product/tank-t72b-east
uelibrary/UE5_Vehicles,,VigilanteContent\Vehicles\West_Truck_M983HEMTT,,Vehicles,,Truck M983 HEMTT (West),https://www.unrealengine.com/marketplace/en-US/product/truck-m983-hemtt-west
uelibrary/UE5_Vehicles,,Boats,,Vehicles,,Twinmotion Boats????,
uelibrary/UE5_Vehicles,,VigilanteContent\Vehicles\West_UAV_MQ1,,Vehicles,,UAV MQ-1 Predator (West),https://www.unrealengine.com/marketplace/en-US/product/uav-mq-1-predator-west
uelibrary/UE5_Vehicles,,VigilanteContent\Vehicles\West_UAV_MQ9,,Vehicles,,UAV MQ-9 Reaper (West),https://www.unrealengine.com/marketplace/en-US/product/uav-mq-9-reaper-west
uelibrary/UE5_Vehicles,,VigilanteContent\Vehicles\East_UCAV_Orion,,Vehicles,,UCAV Orion (East),https://www.unrealengine.com/marketplace/en-US/product/ucav-orion-east
uelibrary/UE5_Vehicles,,VigilanteContent\Vehicles\West_Heli_UH60A,,Vehicles,,UH60A Blackhawk (West),https://www.unrealengine.com/marketplace/en-US/product/heli-uh60a-west
uelibrary/UE5_Vehicles,,Ship,,Vehicles,,Ultimate Ship Package / 110+ Assets,https://www.unrealengine.com/marketplace/en-US/product/ultimate-ship-package-110-assets
uelibrary/UE5_Vehicles,,VigilanteContent\Vehicles\East_MRAP_UralTyphoon,,Vehicles,,Ural Typhoon MRAP (East),https://www.unrealengine.com/marketplace/en-US/product/ural-typhoon-mrap-rus
uelibrary/UE5_Vehicles,,VehicleGame,,Vehicles,,Vehicle Game,https://www.unrealengine.com/marketplace/en-US/product/vehicle-game
uelibrary/UE5_Vehicles,,VehicleVarietyPack,,Vehicles,,Vehicle Variety Pack,https://www.unrealengine.com/marketplace/en-US/product/bbcb90a03f844edbb20c8b89ee16ea32
uelibrary/UE5_Vehicles,,VehicleVarietyVol2,,Vehicles,,Vehicle Variety Pack Volume 2,https://www.unrealengine.com/marketplace/en-US/product/9a705589d1994c6e8757fdbedaf698af
uelibrary/UE5_Vehicles,,VigilanteContent\Vehicles\East_Arty_ZU23,,Vehicles,,ZU-23-2 AA autocannon (East),https://www.unrealengine.com/marketplace/en-US/product/arty-zu23-east
uelibrary/UE5_Vehicles,,VigilanteContent\Vehicles\East_LCAC_Zubr,,Vehicles,,Zubr LCAC (East),https://www.unrealengine.com/marketplace/en-US/product/zubr-lcac-east
,,,,,,,
uelibrary/UE5_Environments1,,,,,,,
uelibrary/UE5_EnvironmentsAD,,ConstructionSite,,Environments,,[SCANS] Construction Site: Loader,https://www.unrealengine.com/marketplace/en-US/product/scans-construction-site
uelibrary/UE5_EnvironmentsAD,,ResearchMegaPack,,Environments,,4 IN 1 Modular Research Facility / Mega Bundle,https://www.unrealengine.com/marketplace/en-US/product/research-environment
uelibrary/UE5_EnvironmentsAD,,AdvancedVillagePack,,Environments,,Advanced Village Pack,https://www.unrealengine.com/marketplace/en-US/product/advanced-village-pack
uelibrary/UE5_EnvironmentsAD,,BeachScene,,Environments,,Automotive Beach Scene,https://www.unrealengine.com/marketplace/en-US/product/automotive-beach-scene
uelibrary/UE5_EnvironmentsAD,,AutomotiveBridgeScene,,Environments,,Automotive Bridge Scene,https://www.unrealengine.com/marketplace/en-US/product/automotive-bridge-scene
uelibrary/UE5_EnvironmentsAD,,SaltFlats,,Environments,,Automotive Salt Flats,https://www.unrealengine.com/marketplace/en-US/product/automotive-salt-flats
uelibrary/UE5_EnvironmentsAD,,AutomotiveWinterScene,,Environments,,Automotive Winter Scene,https://www.unrealengine.com/marketplace/en-US/product/automotive-winter-scene
uelibrary/UE5_EnvironmentsAD,,BankBuilding,,Environments,,"Bank Building / Bank Interior ( Modular Bank, Bank )",https://www.unrealengine.com/marketplace/en-US/product/bank-building-interior
uelibrary/UE5_EnvironmentsAD,,BigCompanyArchViz,,Environments,,Big Office,https://www.unrealengine.com/marketplace/en-US/product/big-office
uelibrary/UE5_EnvironmentsAD,,BigStarStation,,Environments,,Big Star Station LUMEN,https://www.unrealengine.com/marketplace/en-US/product/big-star-station
uelibrary/UE5_EnvironmentsAD,,BroadcastStudio,,Environments,,Broadcast Studio,https://www.unrealengine.com/marketplace/en-US/product/bafae2f71777417c8864a4cca9f47f2d
uelibrary/UE5_EnvironmentsAD,,BrutalistLevelKit,,Environments,,Brutalist Architecture Office,https://www.unrealengine.com/marketplace/en-US/product/brutalist-architecture-office
uelibrary/UE5_EnvironmentsAD,,DetectiveStart,,Environments,,Build a Detective's Office Game Environment,https://www.unrealengine.com/marketplace/en-US/product/getting-the-detectives-office-started
uelibrary/UE5_EnvironmentsAD,,Megapack,,Environments,,City Environment Megapack vol 02,https://www.unrealengine.com/marketplace/en-US/product/city-environment-megapack-vol
uelibrary/UE5_EnvironmentsAD,,City_of_Brass_Enviroment,,Environments,,City of Brass: Environments,https://www.unrealengine.com/marketplace/en-US/product/c93f1fa73dad4adf9a3d09883d8c8dec
uelibrary/UE5_EnvironmentsAD,,CityPark,,Environments,,City Park Environment Collection,https://www.unrealengine.com/marketplace/en-US/product/city-park-environment-collection
uelibrary/UE5_EnvironmentsAD,,CityPark2,,Environments,,City Park Environment Collection LITE,https://www.unrealengine.com/marketplace/en-US/product/city-park-environment-collection-lite
uelibrary/UE5_EnvironmentsAD,,CitySampleBuildings,,Environments,,City Sample Buildings,https://www.unrealengine.com/marketplace/en-US/product/city-sample-buildings
uelibrary/UE5_EnvironmentsAD,,SubwayTrain,,Environments,,City Subway Train Modular,https://www.unrealengine.com/marketplace/en-US/product/city-subway-train-modular
uelibrary/UE5_EnvironmentsAD,,Restaurant,,Environments,,Contemporary Restaurant,https://www.unrealengine.com/marketplace/en-US/product/contemporary-restaurant
uelibrary/UE5_EnvironmentsAD,,Windmills,,Environments,,Countryside: Windmills & Barns,https://www.unrealengine.com/marketplace/en-US/product/countryside-windmills-barns
uelibrary/UE5_EnvironmentsAD,,Downtown_West,,Environments,,Downtown West Modular Pack,https://www.unrealengine.com/marketplace/en-US/product/6bb93c7515e148a1a0a0ec263db67d5b
uelibrary/UE5_EnvironmentsAD,,DreamscapeSeries,,Environments,,Dreamscape: Stylized Environment Meadows - Stylized Nature Open World Fantasy,https://www.unrealengine.com/marketplace/en-US/product/dreamscape-nature-meadows
uelibrary/UE5_EnvironmentsAD,,DrygrassCollection,,Environments,,Dry Grass Collections,https://www.unrealengine.com/marketplace/en-US/product/dry-grass-collections
uelibrary/UE5_EnvironmentsEH,,EF_Barbra,,Environments,,Edith Finch: Barbara Room,https://www.unrealengine.com/marketplace/en-US/product/ef-barbara
uelibrary/UE5_EnvironmentsEH,,EF_Gus,,Environments,,Edith Finch: Beach Wedding,https://www.unrealengine.com/marketplace/en-US/product/ef-beach-wedding
uelibrary/UE5_EnvironmentsEH,,EF_Lewis,,Environments,,Edith Finch: Cannery and LowPoly Kingdom,https://www.unrealengine.com/marketplace/en-US/product/ef-cannery-kingdom
uelibrary/UE5_EnvironmentsEH,,EF_Edith,,Environments,,Edith Finch: Classrooms and Bedrooms,https://www.unrealengine.com/marketplace/en-US/product/ef-classrooms-bedrooms
uelibrary/UE5_EnvironmentsEH,,EF_Edie,,Environments,,Edith Finch: Edie Room,https://www.unrealengine.com/marketplace/en-US/product/ef-edie
uelibrary/UE5_EnvironmentsEH,,EF_FirstFloor,,Environments,,Edith Finch: House and Common Areas,https://www.unrealengine.com/marketplace/en-US/product/ef-house
uelibrary/UE5_EnvironmentsEH,,EF_Grounds,,Environments,,Edith Finch: House Grounds,https://www.unrealengine.com/marketplace/en-US/product/ef-grounds
uelibrary/UE5_EnvironmentsEH,,EF_MollyGreg,,Environments,,Edith Finch: Molly Room,https://www.unrealengine.com/marketplace/en-US/product/ef-molly
uelibrary/UE5_EnvironmentsEH,,EF_Sam,,Environments,,Edith Finch: Sam Room,https://www.unrealengine.com/marketplace/en-US/product/ef-sam
uelibrary/UE5_EnvironmentsEH,,EF_TwinsRoom,,Environments,,Edith Finch: Twins Room,https://www.unrealengine.com/marketplace/en-US/product/ef-twins
uelibrary/UE5_EnvironmentsEH,,Elite_Landscapes,,Environments,,Elite Landscapes: Bundle Pack,https://www.unrealengine.com/marketplace/en-US/product/elite-landscapes-bundle-pack
uelibrary/UE5_EnvironmentsEH,,EnglishCollege,,Environments,,English College Level 4 Sample,https://www.unrealengine.com/marketplace/en-US/product/english-college-level-4-sample
uelibrary/UE5_EnvironmentsEH,,EpicZenGarden,,Environments,,Epic Zen Garden,https://www.unrealengine.com/marketplace/en-US/product/epic-zen-garden
uelibrary/UE5_EnvironmentsEH,,FactoryEnv1,,Environments,,Factory Environment Collection,https://www.unrealengine.com/marketplace/en-US/product/factory-environment-collection
uelibrary/UE5_EnvironmentsEH,,Fantastic_Village_Pack,,Environments,,FANTASTIC - Village Pack,https://www.unrealengine.com/marketplace/en-US/product/fantastic-village-pack
uelibrary/UE5_EnvironmentsEH,,Cave,,Environments,,Fantasy Cave Environment Set,https://www.unrealengine.com/marketplace/en-US/product/fantasy-cave-environment-set
uelibrary/UE5_EnvironmentsEH,,Deko_MatrixDemo,,Environments,,Freeway Props,https://www.unrealengine.com/marketplace/en-US/product/3ac6699c15a34926afc47bfbe15f4fc5
uelibrary/UE5_EnvironmentsEH,,GreenwoodFantasyVillage,,Environments,,Greenwood Fantasy Village,https://www.unrealengine.com/marketplace/en-US/product/resubmission-for-release-greenwood-fantasy-village
uelibrary/UE5_EnvironmentsEH,,Hillside,,Environments,,Hillside Sample,https://www.unrealengine.com/marketplace/en-US/product/hillside-sample-project
uelibrary/UE5_EnvironmentsEH,,HorrorDiningRoom,,Environments,,Horror Dining Room,https://www.unrealengine.com/marketplace/en-US/product/horror-dining-room
uelibrary/UE5_EnvironmentsEH,,Hospitality,,Environments,,Hospitality Pack,https://www.unrealengine.com/marketplace/en-US/product/hospitality-pack
uelibrary/UE5_EnvironmentsEH,,HouseOfChangwon,,Environments,,House Of Changwon,https://www.unrealengine.com/marketplace/en-US/product/house-of-changwon
uelibrary/UE5_EnvironmentsIL,,DeepElderCaves,,Environments,,Deep Elder Caves,https://www.unrealengine.com/marketplace/en-US/product/deep-elder-caves
uelibrary/UE5_EnvironmentsIL,,DreamscapeSeriesTower,,Environments,,Dreamscape: Stylized Environment Tower - Stylized Nature Open World Fantasy,https://www.unrealengine.com/marketplace/en-US/product/dreamscape-nature-tower-stylized-open-world-environment
uelibrary/UE5_EnvironmentsIL,,EPMasterMaterials,,Environments,,EP Master Materials,https://www.unrealengine.com/marketplace/en-US/product/ep-master-materials
uelibrary/UE5_EnvironmentsIL,,Arena,,Environments,,Gladiator Arena Environment Kit,https://www.unrealengine.com/marketplace/en-US/product/gladiator-arena-environment-kit
uelibrary/UE5_EnvironmentsIL,,Icelandic,Texture Issues,Environments,,Iceland Collections,https://www.unrealengine.com/marketplace/en-US/product/iceland-collections
uelibrary/UE5_EnvironmentsIL,,Hangar,,Environments,,Industrial Area Hangar,https://www.unrealengine.com/marketplace/en-US/product/industrial-area-hangar
uelibrary/UE5_EnvironmentsIL,,EnvironmentPack1,Infinity Castle,Environments,,Infinity Blade: Castle,https://www.unrealengine.com/marketplace/en-US/product/infinity-blade-castle
uelibrary/UE5_EnvironmentsIL,,InfinityBladeFireLands,,Environments,,Infinity Blade: Fire Lands,https://www.unrealengine.com/marketplace/en-US/product/infinity-blade-fire-lands
uelibrary/UE5_EnvironmentsIL,,InfinityBladeGrassLands,,Environments,,Infinity Blade: Grass Lands,https://www.unrealengine.com/marketplace/en-US/product/infinity-blade-plain-lands
uelibrary/UE5_EnvironmentsIL,,EnvironmentPack3,Infinity Hideout,Environments,,Infinity Blade: Hideout,https://www.unrealengine.com/marketplace/en-US/product/infinity-blade-hideout
uelibrary/UE5_EnvironmentsIL,,InfinityBladeIceLands,,Environments,,Infinity Blade: Ice Lands,https://www.unrealengine.com/marketplace/en-US/product/infinity-blade-ice-lands
uelibrary/UE5_EnvironmentsIL,,EnvironmentPack2,Infinity Temple,Environments,,Infinity Blade: Temple,https://www.unrealengine.com/marketplace/en-US/product/infinity-blade-temple
uelibrary/UE5_EnvironmentsIL,,PN_OpenWorldFoliage,,Environments,,interactive Open World Foliage,https://www.unrealengine.com/marketplace/en-US/product/interactive-open-world-foliage
uelibrary/UE5_EnvironmentsIL,,Isometric_World,,Environments,,Isometric World : Sky Temple,https://www.unrealengine.com/marketplace/en-US/product/isometric-world-sky-temple
uelibrary/UE5_EnvironmentsIL,,Jejumokgwana,,Environments,,Jejumok Gwana,https://www.unrealengine.com/marketplace/en-US/product/jejumok-gwana
uelibrary/UE5_EnvironmentsIL,,LandscapeEssentials,,Environments,,Landscape Essential Concepts,https://www.unrealengine.com/marketplace/en-US/product/landscape-essential-concepts
uelibrary/UE5_EnvironmentsIL,,STF,,Environments,,Landscape Pro 2.0 Auto-Generated Material,https://www.unrealengine.com/marketplace/en-US/product/landscape-pro-auto-generated-material
uelibrary/UE5_EnvironmentsIL,,Lavafields,,Environments,,Lava Field Collections,https://www.unrealengine.com/marketplace/en-US/product/lava-field-collections
uelibrary/UE5_EnvironmentsIL,,Light_Foliage,,Environments,,Light Foliage,https://www.unrealengine.com/marketplace/en-US/product/light-foliage
uelibrary/UE5_EnvironmentsIL,,LowPolyMedievalConstructions,,Environments,,Low Poly Medieval Interior and Constructions,https://www.unrealengine.com/marketplace/en-US/product/low-poly-medieval-interior-and-constructions
uelibrary/UE5_EnvironmentsIL,,LPSDeluxe2TropicalEnvironment,,Environments,,Low Poly Style Deluxe 2: Tropical Environment,https://www.unrealengine.com/marketplace/en-US/product/low-poly-style-deluxe-2-tropical-environment
uelibrary/UE5_EnvironmentsIL,,Low_Poly_Viking_World,,Environments,,Low Poly Viking World,https://www.unrealengine.com/marketplace/en-US/product/low-poly-viking-world
uelibrary/UE5_EnvironmentsIL,,AlchemistsHouse,,Environments,,Lowpoly Alchemist's House,https://www.unrealengine.com/marketplace/en-US/product/alchemist-s-house
uelibrary/UE5_EnvironmentsIL,,LowpolyStyle,,Environments,,Lowpoly Style Asia Environment,https://www.unrealengine.com/marketplace/en-US/product/lowpoly-style-asia-environment
uelibrary/UE5_EnvSubstrate,,ElectricDream,Substrate,Environments,,Electric Dreams Env,https://www.unrealengine.com/marketplace/en-US/product/electric-dreams-env
uelibrary/UE5_EnvironmentsMP,,MAEOakForest,,Environments,,MAE Oak Forest,https://www.unrealengine.com/marketplace/en-US/product/mae-oak-forest
uelibrary/UE5_EnvironmentsMP,,Medieval_Environment,,Environments,,Medieval Castle Modular Vol 1,https://www.unrealengine.com/marketplace/en-US/product/medieval-castle-modular-vol
uelibrary/UE5_EnvironmentsMP,,MedievalDungeon,,Environments,,Medieval Dungeon,https://www.unrealengine.com/marketplace/en-US/product/a5b6a73fea5340bda9b8ac33d877c9e2
uelibrary/UE5_EnvironmentsMP,,MedievalGameEnv,,Environments,,Medieval Game Environment,https://www.unrealengine.com/marketplace/en-US/product/scarecrow
uelibrary/UE5_EnvironmentsMP,,Medieval_Houses,,Environments,,Medieval Houses Modular Vol 2,https://www.unrealengine.com/marketplace/en-US/product/medieval-houses-modular-vol-01
uelibrary/UE5_EnvironmentsMP,,PN_giantReed,,Environments,,mediterranean Vegetation: giant Reed,https://www.unrealengine.com/marketplace/en-US/product/european-bamboo
uelibrary/UE5_EnvironmentsMP,,PN_mediterraneanPlants_I,,Environments,,Mediterranean Vegetation: Plant Pack I,https://www.unrealengine.com/marketplace/en-US/product/mediterranean-vegetation-plant-pack-i
uelibrary/UE5_EnvironmentsMP,,PN_mediterraneanPlants_II,,Environments,,Mediterranean Vegetation: Plant Pack II,https://www.unrealengine.com/marketplace/en-US/product/mediterranean-vegetation-plant-pack-ii
uelibrary/UE5_EnvironmentsMP,,MS_BrickRubbleV1,,Environments,,Megascans - Brick Rubble Vol. 1,https://www.unrealengine.com/marketplace/en-US/product/ef80eab1f671436b98a90d9445cfcc98
uelibrary/UE5_EnvironmentsMP,,MS_BrushesStainV1,,Environments,,Megascans - Brushes Stain Vol. 1,https://www.unrealengine.com/marketplace/en-US/product/2bf8e529e9bf434a8f380109cae53cb1
uelibrary/UE5_EnvironmentsMP,,MS_BushV1,,Environments,,Megascans - Bush Vol. 1,https://www.unrealengine.com/marketplace/en-US/product/adfb2ca5738742af8c87b6864b0307e9
uelibrary/UE5_EnvironmentsMP,,MS_ClimberVineV1,,Environments,,Megascans - Climber Vine Vol. 1,https://www.unrealengine.com/marketplace/en-US/product/fde9e7934e274385a5955d61c38cee3a
uelibrary/UE5_EnvironmentsMP,,MS_CreatureGutV1,,Environments,,Megascans - Creature Gut Vol. 1,https://www.unrealengine.com/marketplace/en-US/product/1cc7552d3390489da725fedf13140082
uelibrary/UE5_EnvironmentsMP,,MS_CrumbledWa,,Environments,,Megascans - Crumbled Walls,https://www.unrealengine.com/marketplace/en-US/product/a295462ceb1047c392b3f323a4b74624
uelibrary/UE5_EnvironmentsMP,,MS_CyberpunkV1,,Environments,,Megascans - Cyberpunk Environment Vol. 1,https://www.unrealengine.com/marketplace/en-US/product/76e1fa1df6c04146bac76552266f20d4
uelibrary/UE5_EnvironmentsMP,,MS_CyberpunkV2,,Environments,,Megascans - Cyberpunk Environment Vol. 2,https://www.unrealengine.com/marketplace/en-US/product/3220dad18e1b48698177c553ca8e1dbe
uelibrary/UE5_EnvironmentsMP,,MS_DebrisPaperV1,,Environments,,Megascans - Debris Paper Vol. 1,https://www.unrealengine.com/marketplace/en-US/product/95192aa0da7845e9aaeb43eb784b1bb1
uelibrary/UE5_EnvironmentsMP,,MS_DebrisTrashV1,,Environments,,Megascans - Debris Trash Vol. 1,https://www.unrealengine.com/marketplace/en-US/product/64bbd6553e3847c9856fdfd4b43fd013
uelibrary/UE5_EnvironmentsMP,,MS_DWarZoneV1,,Environments,,Megascans - Desert Warzone Vol. 1,https://www.unrealengine.com/marketplace/en-US/product/53675551cf8f41b08499b04526596e14
uelibrary/UE5_EnvironmentsMP,,MS_DWarZoneV2,,Environments,,Megascans - Desert Warzone Vol. 2,https://www.unrealengine.com/marketplace/en-US/product/b6e8523227174c7b9f2cc65d2537289c
uelibrary/UE5_EnvironmentsMP,,MS_FantasyFortV1,,Environments,,Megascans - Fantasy Fort Vol. 1,https://www.unrealengine.com/marketplace/en-US/product/67726bfcbb1d49da97fa98191bf2a52e
uelibrary/UE5_EnvironmentsMP,,MS_FantasyFortV2,,Environments,,Megascans - Fantasy Fort Vol. 2,https://www.unrealengine.com/marketplace/en-US/product/7fef49c72513473694f30276901e5fd3
uelibrary/UE5_EnvironmentsMP,,MS_ForestTut,,Environments,,Megascans - Forest Path,https://www.unrealengine.com/marketplace/en-US/product/9b1bd643639c49e889fb1f608fa46905
uelibrary/UE5_EnvironmentsMP,,Forest_Undergrowth,,Environments,,Megascans - Forest Undergrowth,https://www.unrealengine.com/marketplace/en-US/product/megascans-forest-undergrowth
uelibrary/UE5_EnvironmentsMP,,MS_GardenLawn,,Environments,,Megascans - Garden Lawn,https://www.unrealengine.com/marketplace/en-US/product/bc1276dcb11e4ec9a23ad52439cfb64b
uelibrary/UE5_EnvironmentsMP,,Megascans_LavaField_8K,,Environments,,Megascans - Lava Field,https://www.unrealengine.com/marketplace/en-US/product/megascans-lava-field
uelibrary/UE5_EnvironmentsMP_2,,MS_LushPlants,,Environments,,Megascans - Lush Plants,https://www.unrealengine.com/marketplace/en-US/product/eeae166de11641628bf081e2296153d5
uelibrary/UE5_EnvironmentsMP_2,,MegascansMeadowPack,,Environments,,Megascans - Meadow Pack,https://www.unrealengine.com/marketplace/en-US/product/megascans-meadow-pack
uelibrary/UE5_EnvironmentsMP_2,,MS_MountainSl,,Environments,,Megascans - Mountain Slope,https://www.unrealengine.com/marketplace/en-US/product/9948b5ef6d914bc0bc86fb07feffd427
uelibrary/UE5_EnvironmentsMP_2,,MS_NatScatter,,Environments,,Megascans - Natural Scatter Debris,https://www.unrealengine.com/marketplace/en-US/product/0a653a928d5c4e7396fea02f488b4956
uelibrary/UE5_EnvironmentsMP_2,,MS_PineEssent,,Environments,,Megascans - Pine Essentials,https://www.unrealengine.com/marketplace/en-US/product/38c306c3b45f48c499251e7a35065d7d
uelibrary/UE5_EnvironmentsMP_2,,MS_PostApocalypticSt,,Environments,,Megascans - Post-Apocalyptic Street,https://www.unrealengine.com/marketplace/en-US/product/639e2fdbb81d4d59860e87e701c89679
uelibrary/UE5_EnvironmentsMP_2,,Megascans_Quarry,,Environments,,Megascans - Quarry,https://www.unrealengine.com/marketplace/en-US/product/megascans-quarry
uelibrary/UE5_EnvironmentsMP_2,,Megascans_RockyGrassland,,Environments,,Megascans - Rocky Grassland,https://www.unrealengine.com/marketplace/en-US/product/megascans-rocky-grassland
uelibrary/UE5_EnvironmentsMP_2,,MS_RomanEmpV2,,Environments,,Megascans - Roman Empire Vol. 2,https://www.unrealengine.com/marketplace/en-US/product/a03e62c51a914709b8a7edf48813f846
uelibrary/UE5_EnvironmentsMP_2,,Megascans_Sandstone,,Environments,,Megascans - Sandstone Desert,https://www.unrealengine.com/marketplace/en-US/product/megascans-sandstone
uelibrary/UE5_EnvironmentsMP_2,,MS_ScaryRestroom,,Environments,,Megascans - Scary Restroom,https://www.unrealengine.com/marketplace/en-US/product/c8300f47fe2744ca9304ecf25badba01
uelibrary/UE5_EnvironmentsMP_2,,MS_SciFiLand,,Environments,,Megascans - Sci-Fi Landscape,https://www.unrealengine.com/marketplace/en-US/product/29e7c7c2e8484e29bad40c9db639998d
uelibrary/UE5_EnvironmentsMP_2,,MS_UrbAlTutV1,,Environments,,Megascans - Urban Alleyway Vol. 1,https://www.unrealengine.com/marketplace/en-US/product/6e4869881a3a4f40922b9ddab45afdfa
uelibrary/UE5_EnvironmentsMP_2,,MS_UrbAlTutV2,,Environments,,Megascans - Urban Alleyway Vol. 2,https://www.unrealengine.com/marketplace/en-US/product/8cb4c1883e7d4cdba85ad5b0ac8c34e5
uelibrary/UE5_EnvironmentsMP_2,,MS_Valley,,Environments,,Megascans - Valley,https://www.unrealengine.com/marketplace/en-US/product/f024feb39154426cb81d66591a069867
uelibrary/UE5_EnvironmentsMP_2,,Megascans_Wasteland2,,Environments,,Megascans - Wasteland,https://www.unrealengine.com/marketplace/en-US/product/megascans-wasteland
uelibrary/UE5_EnvironmentsMP_2,,MegaScans_Apartment,,Environments,,Megascans Abandoned Apartment,https://www.unrealengine.com/marketplace/en-US/product/c26355353df843289701d632508d4fb0
uelibrary/UE5_EnvironmentsMP_2,,MS_Goddess,,Environments,,Megascans Goddess Temple,https://www.unrealengine.com/marketplace/en-US/product/megascans-goddess-temple
uelibrary/UE5_EnvironmentsMP_2,,CommonHazel,,Environments,,Megascans Trees: Common Hazel (Early Access),https://www.unrealengine.com/marketplace/en-US/product/megascans-trees-common-hazel-early-access
uelibrary/UE5_EnvironmentsMP_2,,EuropeanBeech,,Environments,,Megascans Trees: European Beech (Early Access),https://www.unrealengine.com/marketplace/en-US/product/megascans-trees-european-beech-early-access
uelibrary/UE5_EnvironmentsMP_2,,BlackAlder,,Environments,,Megascans Trees: European Black Alder (early access),https://www.unrealengine.com/marketplace/en-US/product/megascans-trees-european-black-alder-early-access
uelibrary/UE5_EnvironmentsMP_2,,EuropeanHornbeam,,Environments,,Megascans Trees: European Hornbeam (Early Access),https://www.unrealengine.com/marketplace/en-US/product/megascans-trees-european-hornbeam-early-access
uelibrary/UE5_EnvironmentsMP_2,,NorwayMaple,,Environments,,Megascans Trees: Norway Maple (Early Access),https://www.unrealengine.com/marketplace/en-US/product/megascans-trees-norway-maple-early-access
uelibrary/UE5_EnvironmentsMP_2,,MS_Aquatic,,Environments,,Megascans: Aquatic,https://www.unrealengine.com/marketplace/en-US/product/12aeb1debe0c4670ba2b81bc1a342c95
uelibrary/UE5_EnvironmentsMP_2,,MS_BurntPaperDebris,,Environments,,Megascans: Burnt Paper Debris,https://www.unrealengine.com/marketplace/en-US/product/ab5881ba9a6e45089c8253af1ff6da93
uelibrary/UE5_EnvironmentsMP_3,,MS_ChoppedWood,,Environments,,Megascans: Chopped Wood,https://www.unrealengine.com/marketplace/en-US/product/a1e862526d374b628edacd83ea96d2bc
uelibrary/UE5_EnvironmentsMP_3,,MS_Cobblestone,,Environments,,Megascans: Cobblestone,https://www.unrealengine.com/marketplace/en-US/product/e034457736b341a3a0bc163cb6671f3d
uelibrary/UE5_EnvironmentsMP_3,,MS_DecoStoneTiles,,Environments,,Megascans: Decorative Stone Tiles,https://www.unrealengine.com/marketplace/en-US/product/ec468fd7bce54c6b87efce5f0c27b6b8
uelibrary/UE5_EnvironmentsMP_3,,MS_InteriorPlasterV1,,Environments,,Megascans: Definitive Interior Plaster Vol. 1,https://www.unrealengine.com/marketplace/en-US/product/f7deb98797744df9b20cdc17dc499b31
uelibrary/UE5_EnvironmentsMP_3,,MS_InteriorPlasterV2,,Environments,,Megascans: Definitive Interior Plaster Vol. 2,https://www.unrealengine.com/marketplace/en-US/product/4b655dfa51e84cbcb1bb15f35d3cb9d4
uelibrary/UE5_EnvironmentsMP_3,,MS_ForestFloorV1,,Environments,,Megascans: Forest Floors Vol. 1,https://www.unrealengine.com/marketplace/en-US/product/c5bce4be65704cd487a1300e0ca874fe
uelibrary/UE5_EnvironmentsMP_3,,MS_ForestFloorsV2,,Environments,,Megascans: Forest Floors Vol. 2,https://www.unrealengine.com/marketplace/en-US/product/b71a7e05c4e04b1daf03aa00d260732b
uelibrary/UE5_EnvironmentsMP_3,,MS_Grass,,Environments,,Megascans: Grass,https://www.unrealengine.com/marketplace/en-US/product/061fd610b47f4c198344a1cb3e37354c
uelibrary/UE5_EnvironmentsMP_3,,MS_MedievalTools,,Environments,,Megascans: Medieval Tools,https://www.unrealengine.com/marketplace/en-US/product/a8c077b55df6498c96d1d05c1f408c52
uelibrary/UE5_EnvironmentsMP_3,,MS_MilitaryEquipment,,Environments,,Megascans: Military Equipment,https://www.unrealengine.com/marketplace/en-US/product/d808853c20e04f9a804cba7ace181cf5
uelibrary/UE5_EnvironmentsMP_3,,MS_Mine,,Environments,,Megascans: Mine,https://www.unrealengine.com/marketplace/en-US/product/35e9d9fcf9904ff6985163f3fe90a268
uelibrary/UE5_EnvironmentsMP_3,,MS_RusticPottery,,Environments,,Megascans: Rustic Pottery,https://www.unrealengine.com/marketplace/en-US/product/825cd6dd03534afc942cace2ae754095
uelibrary/UE5_EnvironmentsMP_3,,MS_Tropical,,Environments,,Megascans: Tropical,https://www.unrealengine.com/marketplace/en-US/product/eaf0eba657a5417aa843f0ad73e51db9
uelibrary/UE5_EnvironmentsMP_3,,MS_WoddenPlanksV1,,Environments,,Megascans: Wooden Planks Vol. 1,https://www.unrealengine.com/marketplace/en-US/product/4192a3bf5d6e4dfe98972f4bb292163f
uelibrary/UE5_EnvironmentsMP_3,,MS_WoodenPlanksV2,,Environments,,Megascans: Wooden Planks Vol. 2,https://www.unrealengine.com/marketplace/en-US/product/9329905214d6422d86474e0983d8da6c
uelibrary/UE5_EnvironmentsMP_4,,missiontominerva,,Environments,,Mission to Minerva,https://www.unrealengine.com/marketplace/en-US/product/mission-to-minerva
uelibrary/UE5_EnvironmentsMP_4,,MS_MoabDesert,,Environments,,Moab Desert Collections,https://www.unrealengine.com/marketplace/en-US/product/moab-desert-collections
uelibrary/UE5_EnvironmentsMP_4,,ModularBuildingSet,,Environments,,Modular Building Set,https://www.unrealengine.com/marketplace/en-US/product/modular-building-set
uelibrary/UE5_EnvironmentsMP_4,,GothicTemple,,Environments,,Modular Gothic Temple (medieval/winter/snow),https://www.unrealengine.com/marketplace/en-US/product/modular-gothic-temple-medieval-winter-snow
uelibrary/UE5_EnvironmentsMP_4,,ModularGothicFantasyEnvironment,,Environments,,Modular Gothic/Fantasy Environment,https://www.unrealengine.com/marketplace/en-US/product/modular-gothic-fantasy-environment
uelibrary/UE5_EnvironmentsMP_4,,ModularHouses,,Environments,,Modular House?????,
uelibrary/UE5_EnvironmentsMP_4,,IndustrialArea,,Environments,,Modular Industrial Area,https://www.unrealengine.com/marketplace/en-US/product/modular-industrial-area
uelibrary/UE5_EnvironmentsMP_4,,ModularLostRuinKit,,Environments,,Modular Lost Ruins Kit,https://www.unrealengine.com/marketplace/en-US/product/modular-lost-ruins-kit
uelibrary/UE5_EnvironmentsMP_4,,MOUT_Fabrication,,Environments,,Modular Military Operation Urban Training Environment,https://www.unrealengine.com/marketplace/en-US/product/modular-military-operation-urban-training-environment
uelibrary/UE5_EnvironmentsMP_4,,MOUT_Civilian,,Environments,,Modular Military Operation Urban Training Environment - Civilian Pack,https://www.unrealengine.com/marketplace/en-US/product/modular-military-operation-urban-training-environment-civilian-pack
uelibrary/UE5_EnvironmentsMP_4,,ModularNeighborhood,,Environments,,Modular Neighborhood Pack,https://www.unrealengine.com/marketplace/en-US/product/modular-neighborhood-pack
uelibrary/UE5_EnvironmentsMP_4,,ModularSciFiOffice,,Environments,,Modular Sci Fi Office,https://www.unrealengine.com/marketplace/en-US/product/modular-sci-fi-office
uelibrary/UE5_EnvironmentsMP_4,,Modular_Sci_Fi,,Environments,,Modular Sci-Fi village,https://www.unrealengine.com/marketplace/en-US/product/modular-sci-fi-village
uelibrary/UE5_EnvironmentsMP_4,,ModSciFiSeason1,,Environments,,Modular SciFi Season 1 Starter Bundle,https://www.unrealengine.com/marketplace/en-US/product/modular-scifi-season-1-starter-bundle
uelibrary/UE5_EnvironmentsMP_4,,ModSciFiSeason2,,Environments,,Modular Scifi Season 2 Starter Bundle,https://www.unrealengine.com/marketplace/en-US/product/modular-scifi-season-2-starter-bundle
uelibrary/UE5_EnvironmentsMP_4,,ModularTemplePlaza,,Environments,,Modular Temple Plaza 4k PBR,https://www.unrealengine.com/marketplace/en-US/product/modular-temple-plaza-4k-pbr
uelibrary/UE5_EnvironmentsMP_4,,Victorian_House,,Environments,,Modular Victorian House,https://www.unrealengine.com/marketplace/en-US/product/victorian-house
uelibrary/UE5_EnvironmentsMP_4,,MountainsMeadows,,Environments,,Mountains & Meadows I Outdoor Environment,https://www.unrealengine.com/marketplace/en-US/product/mountains-meadows-i-outdoor-environment
uelibrary/UE5_EnvironmentsMP_4,,Museum,,Environments,,Museum Environment Kit,https://www.unrealengine.com/marketplace/en-US/product/ab5881ba9a6e45089c8253af1ff6da93
uelibrary/UE5_EnvironmentsMP_4,,Northwood,,Environments,,Northwood,https://www.unrealengine.com/marketplace/en-US/product/advanced-skill-sets-for-environment-art
uelibrary/UE5_EnvironmentsMP_4,,OldBrickHouse,,Environments,,Old Brick House,https://www.unrealengine.com/marketplace/en-US/product/old-brick-house
uelibrary/UE5_EnvironmentsMP_5,,KiteDemo,,Environments,,Open World Demo Collection,https://www.unrealengine.com/marketplace/en-US/product/open-world-demo-collection
uelibrary/UE5_EnvironmentsMP_5,,OperaHouse,,Environments,,Opera House Kit,https://www.unrealengine.com/marketplace/en-US/product/opera-house-kit
uelibrary/UE5_EnvironmentsMP_5,,PalaceHall,,Environments,,PalaceHall,https://www.unrealengine.com/marketplace/en-US/product/palacehall
uelibrary/UE5_EnvironmentsMP_5,,PLATFORMER_StylizedCubeWorld_Vol1,,Environments,,PLATFORMER - Stylized Cube World Vol.1,https://www.unrealengine.com/marketplace/en-US/product/platformer-stylized-cube-world-vol-1
uelibrary/UE5_EnvironmentsMP_5,,Polar,,Environments,,Polar Sci-Fi Facility,https://www.unrealengine.com/marketplace/en-US/product/polar-sci-fi-facility
uelibrary/UE5_EnvironmentsMP_5,,ProceduralBiomes,,Environments,,Procedural Biomes,https://www.unrealengine.com/marketplace/en-US/product/procedural-biomes
uelibrary/UE5_EnvironmentsMP_5,,ProceduralNaturePack,,Environments,,Procedural Nature Pack Vol.1,https://www.unrealengine.com/marketplace/en-US/product/procedural-nature-pack-vol
uelibrary/UE5_EnvironmentsQT,,QuarryCollections,,Environments,,Quarry Collections,https://www.unrealengine.com/marketplace/en-US/product/quarry-collections
uelibrary/UE5_EnvironmentsQT,,RuralAustralia,,Environments,,Rural Australia,https://www.unrealengine.com/marketplace/en-US/product/rural-australia
uelibrary/UE5_EnvironmentsQT,,Safe_House,,Environments,,Safe House,https://www.unrealengine.com/marketplace/en-US/product/safe-house
uelibrary/UE5_EnvironmentsQT,,ScifiHallWay,,Environments,,Scifi Hallway,https://www.unrealengine.com/marketplace/en-US/product/scifi-hallway
uelibrary/UE5_EnvironmentsQT,,ShantyTown,,Environments,,Shanty Town Slums,https://www.unrealengine.com/marketplace/en-US/product/shanty-town-slums
uelibrary/UE5_EnvironmentsQT,,SICKA_mansion,,Environments,,SICKA MANSION,https://www.unrealengine.com/marketplace/en-US/product/sicka-mansion
uelibrary/UE5_EnvironmentsQT,,StadiumKit,,Environments,,SimplePoly Stadium Kit,https://www.unrealengine.com/marketplace/en-US/product/simplepoly-stadium-kit
uelibrary/UE5_EnvironmentsQT,,SimPoly_Town,,Environments,,SimPoly Town,https://www.unrealengine.com/marketplace/en-US/product/simpoly-town
uelibrary/UE5_EnvironmentsQT,,SoulCave,,Environments,,Soul: Cave,https://www.unrealengine.com/marketplace/en-US/product/soul-cave
uelibrary/UE5_EnvironmentsQT,,SoulCity,,Environments,,Soul: City,https://www.unrealengine.com/marketplace/en-US/product/soul-city
uelibrary/UE5_EnvironmentsQT,,SpaceshipInterior,,Environments,,Spaceship Interior Environment Set,https://www.unrealengine.com/marketplace/en-US/product/spaceship-interior-environment-set
uelibrary/UE5_EnvironmentsQT,,StonePineForest,,Environments,,Stone Pine Forest,https://www.unrealengine.com/marketplace/en-US/product/stone-pine-forest
uelibrary/UE5_EnvironmentsQT,,StorageHouse,,Environments,,Storage House Set,https://www.unrealengine.com/marketplace/en-US/product/storage-house-set
uelibrary/UE5_EnvironmentsQT_2,,Kobo_Nature,,Environments,,Stylized - Dynamic Nature,https://www.unrealengine.com/marketplace/en-US/product/stylized-dynamic-nature
uelibrary/UE5_EnvironmentsQT_2,,Asian_Village,,Environments,,Stylized Eastern Village,https://www.unrealengine.com/marketplace/en-US/product/stylized-eastern-village
uelibrary/UE5_EnvironmentsQT_2,,Stylized_Egypt,,Environments,,Stylized Egypt,https://www.unrealengine.com/marketplace/en-US/product/stylized-egypt
uelibrary/UE5_EnvironmentsQT_2,,StylizedProvencal,,Environments,,"Stylized Fantasy Provencal ( Stylized , Fantasy , Provencal )",https://www.unrealengine.com/marketplace/en-US/product/stylized-fantasy-provencal
uelibrary/UE5_EnvironmentsQT_2,,Stylized_Forest,,Environments,,Stylized Forest???,
uelibrary/UE5_EnvironmentsQT_2,,StylizedWinterCity,,Environments,,Stylized winter city environment,https://www.unrealengine.com/marketplace/en-US/product/stylized-winter-city-environment
uelibrary/UE5_EnvironmentsQT_2,,SunTempleI,,Environments,,Sun Temple,https://www.unrealengine.com/marketplace/en-US/product/sun-temple
uelibrary/UE5_EnvironmentsQT_2,,Sunset,,Environments,,Sunset - Modular Medieval Brick Buildings,https://www.unrealengine.com/marketplace/en-US/product/sunset-modular-medieval-brick-buildings
uelibrary/UE5_EnvironmentsQT_2,,MMSupermarket,,Environments,,Supermarket,https://www.unrealengine.com/marketplace/en-US/product/supermarket
uelibrary/UE5_EnvironmentsQT_2,,PN_coniferBushes_I,,Environments,,Temperate Vegetation: conifer Bushes & Saplings I,https://www.unrealengine.com/marketplace/en-US/product/temperate-vegetation-conifer-bushes-saplings-i
uelibrary/UE5_EnvironmentsQT_2,,PN_Fern,,Environments,,Temperate Vegetation: Fern Collection,https://www.unrealengine.com/marketplace/en-US/product/temperate-vegetation-fern-collection
uelibrary/UE5_EnvironmentsQT_2,,PN_FoliageCollection,,Environments,,temperate Vegetation: Foliage Collection,https://www.unrealengine.com/marketplace/en-US/product/interactive-foliage-collection
uelibrary/UE5_EnvironmentsQT_2,,PN_GroundFoliage,,Environments,,temperate Vegetation: Ground Foliage,https://www.unrealengine.com/marketplace/en-US/product/dynamic-ground-foliage
uelibrary/UE5_EnvironmentsQT_2,,PN_MeadowFlowers,,Environments,,temperate Vegetation: Meadow Flowers,https://www.unrealengine.com/marketplace/en-US/product/dynamic-meadow-flowers
uelibrary/UE5_EnvironmentsQT_2,,PN_GrassLibrary,,Environments,,temperate Vegetation: optimized Grass Library,https://www.unrealengine.com/marketplace/en-US/product/dynamic-optimized-grass-library
uelibrary/UE5_EnvironmentsQT_2,,PN_interactiveSpruceForest,,Environments,,temperate Vegetation: Spruce Forest,https://www.unrealengine.com/marketplace/en-US/product/interactive-spruce-forest
uelibrary/UE5_EnvironmentsQT_2,,Bazaar_Meshingun,,Environments,,The Bazaar,https://www.unrealengine.com/marketplace/en-US/product/persian-bazaar-ue4-ue5
uelibrary/UE5_EnvironmentsQT_2,,BigTriplexHouseVilla,,Environments,,Triplex House Villa,https://www.unrealengine.com/marketplace/en-US/product/big-triplex-house-villa
uelibrary/UE5_EnvironmentsQT_2,,PN_Banana,,Environments,,tropical Vegetation: Banana Plants,https://www.unrealengine.com/marketplace/en-US/product/banana-plants
uelibrary/UE5_EnvironmentsQT_2,,PN_tropicalGroundPlants,,Environments,,tropical Vegetation: Ground Plants,https://www.unrealengine.com/marketplace/en-US/product/tropical-vegetation-ground-plants
uelibrary/UE5_EnvironmentsQT_2,,PN_Pandanus,,Environments,,tropical Vegetation: Pandanus Plants,https://www.unrealengine.com/marketplace/en-US/product/tropical-vegetation-pandanus-plants
uelibrary/UE5_EnvironmentsUZ,,Underground,,Environments,,Underground Subway,https://www.unrealengine.com/marketplace/en-US/product/underground-subway
uelibrary/UE5_EnvironmentsUZ,,Venice_fast_building,,Environments,,Venice - fast building,https://www.unrealengine.com/marketplace/en-US/product/venice-fast-building
uelibrary/UE5_EnvironmentsUZ,,VHExterior,,Environments,,Victorian House (Only Exterior),https://www.unrealengine.com/marketplace/en-US/product/victorian-house-only-exterior
uelibrary/UE5_EnvironmentsUZ,,TrainStation,,Environments,,Victorian Train Station and Railroad Modular Set,https://www.unrealengine.com/marketplace/en-US/product/victorian-train-station-and-railroad-modular-set
uelibrary/UE5_EnvironmentsUZ,,VintageRoom,,Environments,,Vintage Room,https://www.unrealengine.com/marketplace/en-US/product/vintage-room
uelibrary/UE5_EnvironmentsUZ,,Wild_West,,Environments,,Wild West City - Wild West Town - Wild West Sky City - Town,https://www.unrealengine.com/marketplace/en-US/product/wild-west-city-wild-west-town-wild-west-sky-city-town
uelibrary/UE5_EnvironmentsUZ,,WinterForest,,Environments,,Winter Forest,https://www.unrealengine.com/marketplace/en-US/product/dynamic-winter-environment
uelibrary/UE5_EnvironmentsUZ,,WinterForestSet,,Environments,,Winter Forest Set,https://www.unrealengine.com/marketplace/en-US/product/winter-forest-set
uelibrary/UE5_EnvironmentsUZ,,PinRPG_Potion_Assets,,Environments,,PIN RPG Potion,https://www.unrealengine.com/marketplace/en-US/product/pin-rpg-potion-01
uelibrary/UE5_EnvironmentsUZ,,Low_Poly_Town,,Environments,,Low Poly Town,https://www.unrealengine.com/marketplace/en-US/product/low-poly-town
uelibrary/UE5_EnvironmentsUZ,,PinRPG_IconSet_01_Assets,,Environments,,PIN RPG Icon Set,https://www.unrealengine.com/marketplace/en-US/product/pin-rpg-icon-set-01-267-icons-01
uelibrary/UE5_EnvironmentsUZ,,StorePropsCollection,,Environments,,Grocery Store Props,https://www.unrealengine.com/marketplace/en-US/product/grocery-store-props-collection
uelibrary/UE5_EnvironmentsUZ,,Greek_island,,Environments,,Greek Island,https://www.unrealengine.com/marketplace/en-US/product/greek-island
uelibrary/UE5_Environments2,,KoreaTreasureProp,,Environments,,Korean Traditional Heritage Props,https://www.unrealengine.com/marketplace/en-US/product/korean-traditional-heritage-props
uelibrary/UE5_Environments2,,LUSH_StylizedEnvironmentSet,,Environments,,LUSH: Stylized Environment Set,https://www.unrealengine.com/marketplace/en-US/product/lush-stylized-environment-set
uelibrary/UE5_Environments2,,Clouds_and_Skies,,Environments,,Clouds & Skies,https://www.unrealengine.com/marketplace/en-US/product/clouds-skies
uelibrary/UE5_Environments2,,GeunjeongjeonComplex,,Environments,,NHA - Gyeongbokgung Palace Vol.1: Geunjeongjeon Hall,https://www.unrealengine.com/marketplace/en-US/product/nha-gyeongbokgung-palace-vol-1-geunjeongjeon-hall
uelibrary/UE5_Environments2,,SajeongjeonComplex,,Environments,,NHA - Gyeongbokgung Palace Vol.2: Sajeongjeon Hall,https://www.unrealengine.com/marketplace/en-US/product/nha-gyeongbokgung-palace-vol-2-sajeongjeon-hall
uelibrary/UE5_Environments2,,GangnyeongieonComplex,,Environments,,NHA - Gyeongbokgung Palace Vol.3: Gangnyeongjeon Hall,https://www.unrealengine.com/marketplace/en-US/product/nha-gyeongbokgung-palace-vol-3-gangnyeongjeon-hall
uelibrary/UE5_Environments2,,GyotaejeonComplex,,Environments,,NHA - Gyeongbokgung Palace Vol.4: Gyotaejeon Hall,https://www.unrealengine.com/marketplace/en-US/product/nha-gyeongbokgung-palace-vol-4-gyotaejeon-hall
uelibrary/UE5_Environments2,,Maritime_Heritage,,Environments,,NHA - Korean Maritime Heritage,https://www.unrealengine.com/marketplace/en-US/product/nha-korean-maritime-heritage
uelibrary/UE5_Environments2,,Naganeupseong,,Environments,,"NHA - Naganeupseong Walled Town, Suncheon",https://www.unrealengine.com/marketplace/en-US/product/nha-naganeupseong-walled-town-suncheon
uelibrary/UE5_Environments2,,Adventures_woman,,Characters,,Adventure Female,https://www.unrealengine.com/marketplace/en-US/product/adventure-female
uelibrary/UE5_Environments2,,FantasyBundle,,Environments,,Fantasy Bundle Environment Kit 3 in 1,https://www.unrealengine.com/marketplace/en-US/product/7ab7ae810292431d94ff5cbb6adf8a36
uelibrary/UE5_Environments2,,GwanghwamunComplex,,Environments,,NHA - Korean Gwanghwamun Gate,https://www.unrealengine.com/marketplace/en-US/product/nha-korean-gwanghwamum
uelibrary/UE5_Environments2,,IthrisCemetery,,Environments,,Ithris Cemetery,https://www.unrealengine.com/marketplace/en-US/product/ithris-cemetery
uelibrary/UE5_Environments2,,TemplesKor,,Environments,,NHA - Korean temples,https://www.unrealengine.com/marketplace/en-US/product/nha-korean-temples
uelibrary/UE5_Environments2,,?????,,Environments,,NHA - Korean Stone Pagoda,https://www.unrealengine.com/marketplace/en-US/product/nha-korean-stone-pagoda
uelibrary/UE5_Environments2,,GatheringResourcesSystem,,Props,,Gathering Resources - Advanced System,https://www.unrealengine.com/marketplace/en-US/product/gathering-resources-advanced-system
uelibrary/UE5_Environments2,,bugchonmunhwa,,Environments,,NHA - House of Gyedong,https://www.unrealengine.com/marketplace/en-US/product/nha-house-of-gyedong
uelibrary/UE5_Environments2,,UnhyeongungCollection,,Environments,,NHA - UnhyeongungCollect,https://www.unrealengine.com/marketplace/en-US/product/nha-unhyeongungcollect
uelibrary/UE5_Environments2,,baelyeomgaog,,Environments,,NHA - House of Baeryeom,https://www.unrealengine.com/marketplace/en-US/product/nha-house-of-baeryeom
uelibrary/UE5_Environments2,,Jongmyo,,Environments,,NHA - Korean Jongmyo Shrine,https://www.unrealengine.com/marketplace/en-US/product/nha-korean-jongmyo-shrine
uelibrary/UE5_Environments2,,Tomb_of_Silla,,Environments,,NHA - King Tomb of Silla,https://www.unrealengine.com/marketplace/en-US/product/nha-king-tomb-of-silla
uelibrary/UE5_Environments2,,JoseonScienceTech,,Environments,,NHA - Korean Science Technology,https://www.unrealengine.com/marketplace/en-US/product/nha-korean-science-technology
uelibrary/UE5_Environments3,,FantasyInterior01,,Environments,,Fantasy Interior Environment,https://www.unrealengine.com/marketplace/en-US/product/fantasy-interior-environment
uelibrary/UE5_Environments3,,Unhyeongung,,Environments,,NHA - Unhyeongung Palace,https://www.unrealengine.com/marketplace/en-US/product/nha-unhyeongung-palace
uelibrary/UE5_Environments3,,Crystal_cave,,Environments,,Stylized Modular Crystal Mine,https://www.unrealengine.com/marketplace/en-US/product/stylized-modular-crystal-mine
uelibrary/UE5_Environments3,,Cigar_room,,Environments,,Cigar Room Environment,https://www.unrealengine.com/marketplace/en-US/product/cigar-room-environment
uelibrary/UE5_Environments4,,PCMHall,,Environments,,The Provisional Capital Memorial Hall,https://www.unrealengine.com/marketplace/en-US/product/the-provisional-capital-memorial-hall
uelibrary/UE5_Environments4,,Primitive_Characters_Pack,,Environments,,Primitive Characters (Pack),https://www.unrealengine.com/marketplace/en-US/product/primitive-characters-pack
uelibrary/UE5_Environments4,,Yeonkyung,,Environments,,NHA - Yeonkyungdang,https://www.unrealengine.com/marketplace/en-US/product/nha-yeonkyungdang
uelibrary/UE5_Environments4,,UltimateFarming,,Environments,,Ultimate Farming,https://www.unrealengine.com/marketplace/en-US/product/ultimate-farming
uelibrary/UE5_Environments4,,RenovationSimulator,,Environments,,Renovation simulator,https://www.unrealengine.com/marketplace/en-US/product/renovation-simulator
uelibrary/UE5_Environments4,,Modular_MedievalTown_WI,,Environments,,Modular Medieval Town with Interior,https://www.unrealengine.com/marketplace/en-US/product/modular-medieval-town-with-interior
uelibrary/UE5_Marketplace1,,Watermills,,Environments,,Watermills / Nature Environment + ULAT,https://www.unrealengine.com/marketplace/en-US/product/watermills-nature-environment
uelibrary/UE5_Marketplace1,,KoreanTraditionalMartialArts,,Environments,,Korean Traditional Martial Arts,https://www.unrealengine.com/marketplace/en-US/product/korean-traditional-martial-arts
uelibrary/UE5_Marketplace1,,HwaseongHaenggung,,Environments,,HWASEONG HAENGGUNG - Korean Traditional Palace,https://www.unrealengine.com/marketplace/en-US/product/hwaseong-haenggung-korean-traditional-palace
uelibrary/UE5_Marketplace1,,Kobo_ForestVillage,,Environments,,Stylized - Clay Forest Village Pack,https://www.unrealengine.com/marketplace/en-US/product/stylized-clay-forest-village-pack
uelibrary/UE5_Marketplace1,,Gothic_Cathedral,,Environments,,UCreate - Gothic Cathedral Asset Pack,https://www.unrealengine.com/marketplace/en-US/product/gothic-cathedral-asset-pack
uelibrary/UE5_Marketplace1,,KTInteractionPropVol1,,Environments,,Korean Traditional Interactive Props Vol.1,https://www.unrealengine.com/marketplace/en-US/product/korean-traditional-interactive-props-vol-1
uelibrary/UE5_Marketplace1,,KoreanRailroadMika3-161,,Environments,,Korean Railroad Mika 3 161,https://www.unrealengine.com/marketplace/en-US/product/korean-railroad-mika-3
uelibrary/UE5_Marketplace1,,PresidentialCoach,,Environments,,Korean Presidential Coach,https://www.unrealengine.com/marketplace/en-US/product/korean-presidential-coach
uelibrary/UE5_Marketplace1,,Ancient_Golem,,Environments,,Ancient Golem,https://www.unrealengine.com/marketplace/en-US/product/ancient-golem
uelibrary/UE5_Marketplace1,,KoreanTraditionalFestival,,Environments,,Korean Traditional Festival,https://www.unrealengine.com/marketplace/en-US/product/korean-traditional-festival
uelibrary/UE5_Marketplace2,,PeacePlazaProp,,Environments,,Peace Plaza,https://www.unrealengine.com/marketplace/en-US/product/peace-plaza?sessionInvalidated=true
uelibrary/UE5_Marketplace2,,NationalMaritimeMuseum,,Environments,,National Maritime Museum,https://www.unrealengine.com/marketplace/en-US/product/national-maritime-museum
uelibrary/UE5_Marketplace2,,KTInteractionPropVol2,,Environments,,Korean Traditional Interactive Props Vol.2,https://www.unrealengine.com/marketplace/en-US/product/korean-traditional-interactive-props-vol-2
uelibrary/UE5_Marketplace2,,TokyoStylizedEnvironment,,Environments,,Tokyo Stylized Environment,https://www.unrealengine.com/marketplace/en-US/product/tokyo-stylized-environment
uelibrary/UE5_Marketplace2,,MapsBundle,,Environments,,Environments Bundle (6 Maps),https://www.unrealengine.com/marketplace/en-US/product/environments-bundle-6-maps
uelibrary/UE5_Marketplace2,,ModularSciFi,,Environments,,Modular Sci-Fi Indoor/Outdoor environment pack - Rocky Swampy Planet,https://www.unrealengine.com/marketplace/en-US/product/modular-sci-fi-indoor-outdoor-environment-pack-rocky-swampy-planet
uelibrary/UE5_Marketplace3,,DUWepCustSys,,Environments,,Ultimate Weapon Customization System + Stylized Futuristic Set,https://www.unrealengine.com/marketplace/en-US/product/ultimate-stylized-weapon-customization-system
uelibrary/UE5_Marketplace3,,Sci_FI_Valley_Village,,Environments,,Science Fiction Valley Town,https://www.unrealengine.com/marketplace/en-US/product/science-fiction-valley-town
uelibrary/UE5_Marketplace3,,Low_Poly_Viking_Interiors,,Environments,,Low Poly Viking Top-Down Interiors,https://www.unrealengine.com/marketplace/en-US/product/low-poly-viking-top-down-interiors
uelibrary/UE5_Marketplace3,,LookoutTower,,Environments,,Lookout Tower,https://www.unrealengine.com/marketplace/en-US/product/lookout-tower
uelibrary/UE5_Marketplace3,,InventoryKit,,Environments,,Adventurer's Inventory Kit,https://www.unrealengine.com/marketplace/en-US/product/adventurer-s-inventory-kit
uelibrary/UE5_Marketplace4,,BookHeadMonster,,Environments,,Book Head Monster,https://www.unrealengine.com/marketplace/en-US/product/book-head-monster
uelibrary/UE5_Marketplace4,,Mediterranean_Coast,,Environments,,Mediterranean Coast,https://www.unrealengine.com/marketplace/en-US/product/mediterranean-coast
uelibrary/UE5_Marketplace4,,Orasot_Bundle,,Environments,,Stylized Landscape 5 Biomes + Stylized + Low poly forest : Orasot Bundle,https://www.unrealengine.com/marketplace/en-US/product/stylized-landscape-5-bioms-stylized-low-poly-forest-orasot-bundle
uelibrary/UE5_Marketplace4,,SK_HandballStadium,,Environments,,Olympic Park Handball Stadium,https://www.unrealengine.com/marketplace/en-US/product/olympic-park-handball-stadium
uelibrary/UE5_Marketplace4,,MegaMagicVFXBundle,,Environments,,Mega Magic VFX Bundle,https://www.unrealengine.com/marketplace/en-US/product/mega-magic-vfx-bundle
uelibrary/UE5_Marketplace5,,UnderCity+WonderLandBundle,,Environments,,UnderCity + WonderLand Bundle,https://www.unrealengine.com/marketplace/en-US/product/undercity-wonderland-bundle
uelibrary/UE5_Marketplace5,,Asian_town,,Environments,,Modular Asian Medieval City,https://www.unrealengine.com/marketplace/en-US/product/modular-asian-medieval-city
uelibrary/UE5_Marketplace5,,Kobo_Dungeon,,Environments,,Stylized - Nanite Dungeon Pack,https://www.unrealengine.com/marketplace/en-US/product/stylized-nanite-dungeon-pack
uelibrary/UE5_Marketplace5,,SKnight_modular,,Environments,,Skeleton Knight Modular,https://www.unrealengine.com/marketplace/en-US/product/skeleton-knight-modular
uelibrary/UE5_Marketplace6,,MonsterForSurvivalGame,,Environments,,Monster for Survival Game PBR Polyar,https://www.unrealengine.com/marketplace/en-US/product/monster-for-survival-game-pbr-polyart